,composition,actual_hardness,predicted_hardness,y_lower,y_upper,y_std,y_std_calib,load
0,Ag0.05Gd0.048Pd0.902,1.81,2.236911,2.4624202,3.104198,0.1637188,5.8629665,0.49
1,Ag0.05Y0.048Pd0.902,1.64,2.6232061,2.6414988,4.3036113,0.42400828,18.148247,0.49
2,Ag0.25Pb0.5Sb0.25Te,0.578,1.8271122,1.6480892,2.573589,0.23609692,7.917682,2.94
3,Al1.5Si1.5N2.5O1.5,15.03,12.984472,11.713908,19.2744,1.928697,69.068954,0.98
4,Al1.67B22,23.8,26.663467,26.444115,31.617104,1.31964,55.879097,2.0
5,Al3BC3,20.7,30.523293,30.48293,28.132778,1e-04,0.004280163,0.25
6,Al3BC3,18.2,31.036339,30.63176,28.186766,1e-04,0.004280163,0.49
7,Al3BC3,11.1,23.70036,21.71068,22.576666,0.22091475,9.455512,10.0
8,Al3C2B48,33.0,27.017588,26.70961,34.439663,1.9719522,75.05225,1.96
9,AlB12,27.0,26.017076,25.340324,35.03804,2.473907,105.88725,1.96
10,AlMgB14,33.5,26.16474,28.99556,31.233778,0.57097405,24.177437,0.98
11,AlMgB14,28.2,21.544752,24.62562,27.051083,0.6187405,26.20007,9.8
12,AlN,18.0,17.4915,18.730734,25.302427,1.6764524,63.80557,0.5
13,AlN,12.01,14.821474,16.666128,24.356815,1.96191,74.67005,0.98
14,AlSb,4.0,4.6902,2.998369,6.5049415,0.89453375,29.99884,0.98
15,Au0.5Pt0.5,1.07,-0.2188967,-0.61998767,2.3050702,0.7461882,26.721895,9.8
16,Au0.98Co0.02,0.49,2.1824796,0.60422057,3.657627,0.7789302,32.983173,0.25
17,AuSn,1.42,3.880006,1.1193322,2.9939249,0.47821242,18.200705,0.49
18,AuSn2,2.55,2.6529543,1.1665463,2.2944036,0.28771868,10.950538,0.49
19,AuSn4,0.74,1.8774979,2.1945102,4.1983767,0.5111904,21.879784,0.49
20,AuTiAl,3.58,5.3821187,4.7334075,5.082963,0.08917232,3.1933677,0.98
21,AuV3,8.83,5.1833963,5.4189553,9.338192,0.9998053,42.33595,0.49
22,B13N2,44.384,49.443954,36.00784,44.230045,2.0975015,75.114044,0.49
23,B13N2,42.019435,45.00852,32.302395,40.492004,2.089186,74.81625,0.98
24,B13N2,41.6932,43.05879,29.76316,36.63703,1.7535385,62.796314,1.96
25,B13N2,40.97,41.908928,28.538727,36.196102,1.953412,69.954025,3.92
26,B50Fe,39.32,38.276577,36.240456,43.745907,1.9146559,72.87157,0.49
27,B6O,54.0,42.03214,30.650688,41.048084,2.652397,112.313614,0.25
28,B6O,53.0,42.598213,31.267841,41.21031,2.5363445,107.39947,0.49
29,B6O,45.0,40.687977,29.175817,38.849064,2.467665,104.49129,0.98
30,BaB6,29.42,25.132954,22.832714,30.3042,1.9059911,68.25583,0.29
31,BaHfO3,5.1,7.774997,5.2124577,8.754038,0.9034643,38.25647,9.8
32,BaSnO3,5.0,8.081184,3.9875336,8.850819,1.240634,47.218372,9.8
33,BC2N,71.0,54.57677,32.38925,43.526745,2.8411973,121.60788,4.9
34,BC5,67.0,55.316204,26.667421,36.270687,2.4498127,82.15625,4.9
35,Be12Nb,4.9,7.629657,6.204144,16.705824,2.6790001,114.66558,0.98
36,Be12Ta,7.06,5.013311,5.8194027,19.70364,3.5418973,118.780106,0.98
37,Be2B,8.73,21.062986,14.65592,30.892572,4.142003,138.90509,0.98
38,BN,55.966,43.25634,26.199745,35.68163,2.4188478,86.62184,0.96
39,BN,53.756,43.013565,25.139366,34.340652,2.347267,84.05844,1.96
40,BN,51.306,42.68174,24.49055,34.213024,2.4802232,88.81976,2.94
41,CaB6,26.48,25.359053,25.9148,32.82153,1.7619206,74.60711,0.29
42,Cd2Gd,1.27,1.9305202,2.1805904,4.5321426,0.59988576,21.482628,0.98
43,Cd3Gd,2.75,2.9296849,1.7799028,4.7718844,0.7632606,25.5965,0.98
44,Cd45Gd11,3.97,2.1199915,1.5457991,2.4499052,0.2306393,9.766235,0.98
45,Cd6Gd,2.99,2.8443727,1.834624,3.2920492,0.3717921,14.150361,0.98
46,CdGd,1.47,2.6494524,2.144026,4.664028,0.6428577,27.515358,0.98
47,CdTe,0.59,1.2501245,0.014670427,4.014329,1.020321,34.21721,0.25
48,Ce0.5U0.5O2,6.1,11.172828,6.645305,11.632731,1.2723026,45.562683,0.02
49,Ce0.8Gd0.2O1.9,6.045,7.4557543,5.809355,8.784535,0.7589746,32.13817,9.8
50,Ce0.8Nd0.2O1.9,6.799,5.87883,5.26195,8.019223,0.703386,26.770784,9.8
51,CeAlO3,9.0,8.608156,6.9493937,10.469896,0.8980874,38.439606,1.96
52,CeB6,30.79,24.37333,22.171865,29.758207,1.9352913,64.901405,0.29
53,CeB6,18.65,23.538366,19.90451,25.040241,1.3101354,43.936344,1.96
54,CeC2,0.98,4.0148945,2.155004,5.8572345,0.9444465,31.6727,2.942
55,CeGaO3,7.2,9.579451,6.2651205,9.080549,0.7182216,25.720377,1.96
56,CeMn2Si2,6.8,6.87965,5.356653,7.3586197,0.5107057,21.625423,0.49
57,CeRh3,2.0,4.5494685,3.4676542,4.95933,0.38052955,14.482907,2.942
58,CeRh3B,5.5,4.227576,4.6905646,6.3074665,0.41247496,17.654602,2.942
59,Co0.7Pt0.3,0.96,0.4015737,0.6074219,3.4992287,0.7377058,24.739502,9.8
60,Co2B,11.28,13.742911,9.314331,17.99907,2.2154944,79.33951,0.49
61,Co3B,11.28,12.045629,9.745318,16.71175,1.7771509,75.25202,0.49
62,CoB,11.28,19.566002,18.365707,20.89307,0.6447354,24.53855,0.49
63,CoB2,25.25,28.884447,22.533009,29.542383,1.7881057,76.533844,0.49
64,CoB50,37.07,39.11483,34.95442,40.4763,1.4086431,47.239872,0.49
65,Cr0.05W0.95B4,50.92855526,51.414787,42.445686,52.194508,2.4869442,89.060455,0.49
66,Cr0.05W0.95B4,46.45652707,42.534855,37.555637,44.907444,1.8754609,67.162506,0.98
67,Cr0.05W0.95B4,37.69876855,37.225605,33.989258,39.554295,1.4196522,50.839447,1.96
68,Cr0.05W0.95B4,35.6180058,34.39308,32.483715,37.03886,1.1620269,41.613575,2.94
69,Cr0.05W0.95B4,31.92237464,31.732794,30.889318,35.147343,1.0862306,38.899223,4.9
70,Cr0.2Pt0.8,1.11,1.1431634,0.7313314,2.2375643,0.3842431,13.760206,9.8
71,Cr0.2Re0.5Fe0.3,14.6,11.08066,8.662143,21.581491,3.295752,139.55597,0.49
72,Cr0.3W0.7B4,42.12417551,45.083366,40.540375,47.817924,1.8565178,79.46199,0.49
73,Cr0.3W0.7B4,39.73289136,38.084732,35.51752,40.564144,1.2874038,55.102985,0.98
74,Cr0.3W0.7B4,34.2049445,34.56325,32.0001,35.405743,0.8687866,37.185482,1.96
75,Cr0.3W0.7B4,31.44100848,32.42302,30.596083,33.24905,0.6767774,28.967178,2.94
76,Cr0.3W0.7B4,27.34159474,30.220882,28.95912,31.611908,0.67673165,28.96522,4.9
77,Cr0.43Re0.43Co0.14,6.4,13.849212,9.633994,11.895235,0.5768472,21.954733,0.5
78,Cr0.4Fe0.4Co0.4Ni0.4Al0.4,7.26,3.82458,4.03252,8.310745,1.091384,46.71302,1.96
79,Cr0.5W0.5B4,44.50309343,40.057766,39.09248,45.956432,1.7510083,74.145035,0.49
80,Cr0.5W0.5B4,38.81984845,34.253548,34.124374,39.478233,1.3657804,57.83287,0.98
81,Cr0.5W0.5B4,34.53413684,30.51149,30.781487,34.366634,0.9145785,38.727093,1.96
82,Cr0.5W0.5B4,32.88819384,28.74464,29.445997,32.09254,0.67513865,28.588203,2.94
83,Cr0.5W0.5B4,27.20494886,26.465603,27.57688,30.396357,0.7192543,30.456245,4.9
84,Cr0.67Mo2Ni0.33B2,21.96,12.38882,12.222004,15.728715,0.8945691,32.03559,1.0
85,Cr11Ge19,8.38,4.6646647,5.9174004,8.342512,0.618651,26.196278,0.98
86,Cr11Ge8,8.14,6.957898,5.899651,7.6122813,0.43689546,16.628187,0.98
87,Cr2.4W0.6B4,16.8,23.858715,23.549147,26.516935,0.75708896,32.404644,0.98
88,Cr2.55Mo0.45B4,21.5,21.017931,19.816515,22.23651,0.6173455,22.107883,0.98
89,Cr2.58Ta0.42B4,22.2,22.39762,22.39379,26.090273,0.94298047,39.92975,0.98
90,Cr2.67V0.33B4,21.8,21.29896,16.49264,22.431793,1.5150902,57.664146,0.98
91,Cr2.79Nb0.21B4,21.6,20.651144,17.945358,24.019611,1.5495543,66.323456,0.98
92,Cr2.91Ti0.09B4,22.1,20.380466,17.343199,20.620928,0.83615535,28.041079,0.98
93,Cr28.58Al112.28,5.96,4.6518083,3.5447211,11.185823,1.9492607,83.43154,0.49
94,Cr2Al,5.79,6.8396244,5.562599,8.707913,0.80237603,33.975967,0.49
95,Cr2B,13.24,14.721597,10.751605,16.091934,1.3623289,51.850067,0.49
96,Cr2B3,20.69,17.396646,15.842963,23.838678,2.0397232,87.30348,0.98
97,Cr3B4,23.89,20.496616,14.58441,20.817642,1.5901103,53.32551,0.49
98,Cr3B4,14.71,19.9912,14.21012,20.498356,1.6041417,53.796062,0.98
99,Cr3C2,10.75,12.208144,11.4257345,23.372643,3.0476806,102.20619,0.49
100,Cr4Al9,6.25,5.5796747,3.6663961,8.074304,1.1244662,37.709793,0.49
101,Cr4B,12.16,11.68116,8.792048,10.222298,0.3648595,13.066056,0.49
102,Cr5Al8,7.85,5.5072803,3.9391775,5.569665,0.41594067,15.83065,0.49
103,Cr5B3,14.91,14.401345,10.275856,15.732319,1.3919548,59.577934,0.49
104,Cr5Ge3,7.02,8.761779,6.551935,9.309787,0.70353353,23.59351,0.98
105,Cr7Al45,3.03,7.4465437,5.681898,10.667208,1.2717626,45.543343,0.49
106,CrB,27.5,19.54303,13.65598,22.459324,2.245751,75.31289,0.98
107,CrB,23.0,17.696411,13.40159,21.93683,2.1773572,73.01926,1.96
108,CrB,21.5,17.053423,13.147579,21.065321,2.0198321,67.73654,2.94
109,CrB2,20.59,28.824633,23.796188,28.065523,1.089116,46.11774,0.49
110,CrB4,26.1,34.776848,30.927095,35.28463,1.1116159,42.307964,0.98
111,CrB50,40.31,38.98621,35.715443,44.19939,2.1642723,92.634384,0.49
112,CrGe,6.24,6.9405513,6.221071,9.434757,0.81981796,27.493193,0.98
113,Cu0.5Pt0.5,1.25,-0.14954528,-0.6836737,0.84843683,0.3908445,13.99661,9.8
114,Cu10Zr7,5.49,4.3854957,3.9323425,5.9057326,0.5034158,21.316738,0.49
115,Cu2.5LaNi2.5,6.12,4.8008,3.7546794,5.4693456,0.43741482,18.521978,0.98
116,Cu4Y0.1Yb0.9In,6.32,5.3755903,4.038187,5.565925,0.3897291,14.833041,0.98
117,Cu4YbIn,5.58,5.189745,3.7582674,5.819193,0.5257463,22.262304,0.98
118,Cu4YIn,6.9,5.448839,4.121456,6.3334184,0.56427604,20.207401,0.98
119,Cu51Zr14,5.05,4.7794223,4.0075054,6.252546,0.5727144,19.206394,0.49
120,Cu5Gd,4.41,6.1886334,3.9961276,5.477024,0.3777797,13.528744,0.98
121,Cu5Nd,3.92,4.2380567,3.3421752,3.3888695,0.011911806,0.50439584,0.98
122,Cu5Zr,4.61,4.288859,3.4799728,6.18365,0.68971354,26.250412,0.49
123,Cu6Gd,4.81,5.2828593,3.7760065,6.7033343,0.7467673,31.962858,0.98
124,CuEu2,1.27,3.6676347,3.1817975,5.6781254,0.63681835,21.356167,0.98
125,CuZr,4.24,5.9278054,4.0596657,6.115762,0.52451444,18.783491,0.49
126,CuZr2,4.41,3.5126796,4.3191004,6.2972,0.5046173,21.367613,0.49
127,DyB12,30.4,32.548355,31.09143,35.71975,1.1806935,44.937046,0.49
128,DyC2,5.71,6.7468843,5.5886607,9.6434145,1.0343759,44.272976,1.72
129,DyMn2Si2,5.5,5.933014,5.730553,7.8915987,0.5512871,23.595987,0.49
130,ErB12,34.32,32.998302,31.125517,36.10827,1.2711102,42.627605,0.49
131,ErC2,4.47,5.0714536,4.777805,8.864302,1.0424737,44.14271,1.72
132,ErPd2Ge,7.45,5.96592,4.9205503,5.738645,0.20869763,7.943006,0.98
133,ErRh3B,4.9,10.191558,8.175852,10.799172,0.6692144,28.643469,0.98
134,ErRh4B4,11.1,14.245644,8.095937,13.100006,1.2765483,42.809975,0.98
135,EuB6,26.09,22.126757,20.266273,24.633171,1.1140045,39.893837,0.98
136,Fe0.5Pt0.5,1.11,0.960621,0.6764039,4.1885133,0.8959462,37.93812,9.8
137,Fe0.85Pt0.15,0.84,1.6969881,0.98167676,3.3812778,0.6121431,23.29809,9.8
138,Fe0.9Ru0.1,0.8,2.5003343,2.2938976,6.321069,1.0273396,43.97181,9.8
139,GaN,11.0,11.484445,11.402293,15.840615,1.132225,37.96999,0.49
140,GaP,9.45,4.7917714,6.7526536,8.089148,0.34094232,12.209554,0.49
141,Gd0.2Nd0.8B6,22.74,21.01074,18.374134,22.624521,1.0842824,38.829453,5.0
142,Gd0.4Nd0.6B6,22.41,20.756615,18.672413,23.816973,1.3123877,44.01188,5.0
143,Gd0.8Nd0.2B6,22.65,20.440699,18.334166,24.115618,1.4748602,63.126423,5.0
144,Gd2Co17,7.01,5.299226,4.8254256,6.290743,0.3738054,14.226987,0.98
145,GdC2,4.63,5.0672913,4.2607093,8.26936,1.0226148,38.920593,1.72
146,GdCo2,5.88,6.192268,4.5844526,5.982783,0.35671687,13.5766,0.98
147,GdCo3,6.28,6.983463,4.413371,6.7185187,0.58804786,21.058699,0.98
148,GdCo5,6.86,6.2122912,4.702209,7.324384,0.66892225,28.324974,0.98
149,GdMn2Si2,6.8,6.692249,5.6014023,8.683712,0.78630346,26.369259,0.49
150,GdRh3B,6.8,5.703618,5.783036,7.6296644,0.4710786,20.162933,2.94
151,Hf0.04W0.96B4,51.33958492,48.633327,41.75922,50.558483,2.24471,80.38576,0.49
152,Hf0.04W0.96B4,39.9514797,40.716084,37.12123,43.457283,1.6163398,57.883068,0.98
153,Hf0.04W0.96B4,34.87300034,36.55907,33.6324,38.339615,1.20082,43.002804,1.96
154,Hf0.04W0.96B4,33.45718185,34.140022,32.12913,35.8123,0.93958426,33.64764,2.94
155,Hf0.04W0.96B4,31.08725252,32.098446,30.803314,33.981922,0.81086934,29.038204,4.9
156,Hf0.12V2.91Ge0.97,10.2,8.69722,6.7749157,11.798612,1.281555,42.977882,0.49
157,Hf0.1Pt0.9,0.7,1.4303918,0.772298,5.1725383,1.1225103,40.19844,9.8
158,Hf0.1W0.9B4,42.28536669,49.53045,42.495728,50.42575,2.022965,76.9938,0.49
159,Hf0.1W0.9B4,37.3915316,41.055218,37.51338,43.466225,1.5185833,57.797092,0.98
160,Hf0.1W0.9B4,33.17491021,37.159313,33.74405,38.04192,1.0963955,41.728676,1.96
161,Hf0.1W0.9B4,31.3589137,35.252594,32.343422,36.07604,0.952198,36.24054,2.94
162,Hf0.1W0.9B4,29.01976303,33.56412,30.979395,34.244217,0.83286273,31.698652,4.9
163,Hf0.20Zr0.20Ti0.20Ta0.20Nb0.20,3.826,3.7054982,3.0496097,7.37156,1.1025383,41.96247,4.9
164,Hf0.3W0.7B4,44.60681477,40.818325,38.778034,43.777046,1.2752582,53.999783,0.49
165,Hf0.3W0.7B4,38.3895526,35.313652,34.21587,36.568523,0.6001667,25.413576,0.98
166,Hf0.3W0.7B4,34.97312103,32.28851,30.74316,33.179157,0.6214278,26.31386,1.96
167,Hf0.3W0.7B4,32.63388725,30.509228,29.430136,31.442503,0.513359,21.737774,2.94
168,Hf0.3W0.7B4,31.15653914,28.628077,27.91857,29.524544,0.40968728,17.34788,4.9
169,Hf0.4V4.75Ge2.85,9.8,8.5897045,6.5926127,12.625506,1.5390035,51.611603,0.49
170,Hf0.5Nb0.5Cr2,12.45,4.1134653,3.1720586,7.6096945,1.1320499,48.453583,1.96
171,Hf0.5W0.5B4,45.38932972,40.08456,38.00759,43.387627,1.372458,58.11563,0.49
172,Hf0.5W0.5B4,39.47979877,35.10986,33.54211,36.424873,0.7353987,31.139868,0.98
173,Hf0.5W0.5B4,35.47857261,32.179886,30.106909,32.9903,0.73555875,31.146645,1.96
174,Hf0.5W0.5B4,33.75496749,30.480158,28.905205,31.239374,0.59545135,25.21391,2.94
175,Hf0.5W0.5B4,31.90824773,28.694817,27.335354,29.522938,0.5580571,23.63048,4.9
176,Hf2Ge,8.4,7.754383,5.6057568,9.243828,0.9280793,33.235634,0.98
177,Hf3Ge,9.11,6.795153,5.687128,10.712671,1.2820263,54.286373,0.98
178,Hf3Ge2,5.7,7.674659,6.584705,10.238639,0.932126,35.4766,0.98
179,Hf4.6V0.4Ge3,6.9,7.8171124,6.7589498,12.778603,1.5356257,65.02483,0.2
180,Hf5Ge3,7.72,7.54262,6.5569687,10.248061,0.9416052,40.30224,0.98
181,HfB2,28.44,30.081825,29.030298,33.022446,1.018405,38.760365,0.29
182,HfC,15.0,19.129513,11.000152,18.334452,1.8709949,67.00257,0.98
183,HfCr2,2.702,4.616692,3.4449904,6.190713,0.7004394,23.489746,4.9
184,HfGe,5.7,7.5983753,6.35245,7.99104,0.41800773,17.891413,0.98
185,HfGe2,5.8,5.6686225,5.9501443,6.7787433,0.2113773,8.950602,0.98
186,HfN,19.5,19.950294,15.804997,19.846767,1.0310638,44.131214,0.49
187,HfN0.75,8.83,17.75217,14.547548,14.273368,1e-04,0.004280163,0.49
188,HfO2,11.4,14.423698,12.07412,17.280485,1.3281544,56.23963,0.49
189,HfV16Ge31,7.2,8.275733,7.2658844,11.058031,0.96738434,40.96311,0.98
190,HfW2,12.4,7.9491534,6.4283595,12.844751,1.6368346,62.29772,0.98
191,HfW2,9.9,6.2459188,5.835138,10.20162,1.1138985,42.39484,1.96
192,HgTe,0.25,1.4938952,-0.37459666,5.4339614,1.4817749,56.396168,0.25
193,HoB12,28.44,32.61216,32.32168,35.358192,0.77462095,33.15504,0.49
194,HoC2,5.61,5.328704,4.3298535,9.107646,1.2188246,40.874172,1.72
195,HoMn2Si2,5.5,5.618566,5.7779465,7.5111856,0.44215283,15.8340225,0.49
196,HoPd3,3.89,3.298388,3.2718256,6.0151315,0.6998229,29.633438,0.98
197,InBi0.024Sb0.976,4.36,3.414264,2.3362195,4.501557,0.55238193,21.023588,0.98
198,InN,9.8,10.465899,7.606184,10.7841215,0.81069833,34.69921,0.02
199,Ir0.5Pt0.5,1.09,0.8428699,0.14969504,5.769509,1.4336259,48.07769,9.8
200,IrB1.35,37.9,24.362988,18.481644,26.468052,2.037349,68.32398,0.98
201,IrB1.35,29.0,19.602983,15.9113245,21.522667,1.4314649,48.00522,1.96
202,IrB1.35,22.2,18.431849,15.5497875,20.818554,1.344073,45.07447,2.94
203,IrB1.35,21.3,16.539967,14.529863,20.526384,1.5297247,51.300434,4.9
204,IrB1.35,49.8,26.107512,20.581385,28.081932,1.913405,64.16743,0.49
205,IrB1.35,18.2,16.516808,14.529863,20.526384,1.5297247,51.300434,9.81
206,La0.5Ce0.5O1.75,7.378,5.7854667,4.6997566,6.366273,0.4251317,15.224476,9.8
207,La3Te4,4.315,4.0912013,4.1514626,5.134938,0.25088653,10.623589,0.49
208,LaB6,27.16,27.37396,25.728853,32.09385,1.6237234,61.79871,0.29
209,LaC2,2.4,1.0764117,2.1531036,7.660064,1.4048369,60.12931,2.942
210,LaCo0.75Ni3.95Al0.3,7.3,5.3202085,4.7260714,6.515608,0.4565144,15.309543,0.98
211,LaCo2.5Ni2.5,4.78,6.520364,4.40989,6.3709435,0.5002687,17.915222,0.98
212,LaMnNi4,6.01,4.9979453,4.1115947,7.4916453,0.8622578,36.511612,0.49
213,LaNi3.5Al1.5,5.38,6.650389,4.9141045,7.8989706,0.7614454,28.980516,0.49
214,LaRh3B,4.2,5.0564303,4.733356,6.2797933,0.3944993,13.229821,2.94
215,Lu2Fe14C,8.05,7.0158625,5.0029507,8.0630045,0.78062594,27.95515,0.98
216,LuAl3,4.33,5.266783,3.7228549,4.9860206,0.32223615,13.644831,0.98
217,LuC2,5.88,13.573297,9.513247,15.764622,1.5947385,57.109497,1.72
218,LuRh3B,7.7,3.8661118,5.0570817,7.234705,0.5555161,18.629639,2.94
219,Mg2B25C4,32.0,31.39605,28.842123,35.870007,1.7928274,76.73594,2.0
220,MgB2,5.2,14.462569,13.55901,16.777063,0.8209321,31.244574,0.98
221,MgCr0.2Al1.8O4,16.24,13.379201,9.603531,14.600202,1.2746608,45.647133,2.45
222,MgLaAl11O19,14.4,14.350645,9.673668,15.855928,1.5771072,66.781334,3.92
223,Mn0.04W0.96B4,53.68335825,53.117817,42.434967,52.430176,2.549798,91.311325,0.49
224,Mn0.04W0.96B4,44.24763328,44.269238,37.588356,45.185333,1.9380044,69.40226,0.98
225,Mn0.04W0.96B4,36.43124066,38.35035,34.008286,39.761166,1.4675714,52.555492,1.96
226,Mn0.04W0.96B4,34.2202292,35.543938,32.479595,37.175842,1.1980222,42.902615,2.94
227,Mn0.04W0.96B4,31.69780767,32.901665,30.936438,35.240086,1.0978694,39.31602,4.9
228,Mn0.33Pt0.67,1.13,2.026103,1.1356133,2.8113976,0.42749596,16.270443,9.8
229,Mn0.3W0.7B4,47.17488789,43.227722,39.06585,44.852978,1.4763082,49.50907,0.49
230,Mn0.3W0.7B4,39.57648231,36.622227,34.1399,38.502453,1.1128961,37.32178,0.98
231,Mn0.3W0.7B4,33.84653712,33.0769,30.900484,34.326923,0.8740916,29.3133,1.96
232,Mn0.3W0.7B4,32.38290982,30.80254,29.236631,32.206867,0.7577132,25.410463,2.94
233,Mn0.3W0.7B4,30.04733433,28.601292,27.516441,30.20952,0.68700993,23.03938,4.9
234,Mn0.5W0.5B4,41.00896861,39.74772,38.025837,45.612984,1.9354966,81.95705,0.49
235,Mn0.5W0.5B4,32.2894868,34.057835,33.366306,39.1104,1.4653302,62.048233,0.98
236,Mn0.5W0.5B4,30.10961634,30.367401,30.021477,34.527428,1.1494772,48.67369,1.96
237,Mn0.5W0.5B4,28.9573991,28.778965,28.797205,32.389072,0.9162927,38.79968,2.94
238,Mn0.5W0.5B4,26.71524664,26.621624,26.957409,30.694487,0.9533361,40.36825,4.9
239,Mn2B,17.45,13.9130945,9.437384,11.66548,0.5683918,24.328096,0.49
240,Mn5Si3,8.3,8.165861,7.104142,8.751723,0.4203013,14.09511,0.98
241,MnB,18.0,14.5886965,12.048834,18.372171,1.6130962,57.76691,0.49
242,MnB2,12.4,17.1607,18.84306,27.209663,2.1343377,90.376816,0.49
243,MnB50,41.29,38.53489,35.930252,43.856525,2.0220084,76.95739,0.49
244,MnSi,11.2,9.7652235,7.727681,10.071533,0.59792143,25.592012,0.98
245,Mo0.03W0.97B4,50.31496063,47.702976,41.38186,50.440594,2.3109016,98.91036,0.49
246,Mo0.03W0.97B4,45.07874016,41.061424,36.354733,42.833412,1.6527244,70.7393,0.98
247,Mo0.03W0.97B4,40.31496063,35.935814,32.67739,37.665848,1.2725655,54.46788,1.96
248,Mo0.03W0.97B4,36.33858268,33.17808,31.305368,35.497112,1.0693223,45.76874,2.94
249,Mo0.03W0.97B4,33.42519685,30.8819,29.58879,33.655483,1.0374215,44.40333,4.9
250,Mo0.1W0.9B4,43.66141732,50.280502,42.472958,51.58515,2.3245392,77.95512,0.49
251,Mo0.1W0.9B4,38.11023622,41.487263,37.642662,44.460217,1.739172,58.324398,0.98
252,Mo0.1W0.9B4,34.17322835,36.958176,34.08667,39.062683,1.2693911,42.569954,1.96
253,Mo0.1W0.9B4,31.92913386,34.657017,32.422924,36.55057,1.0529712,35.312157,2.94
254,Mo0.1W0.9B4,29.60629921,31.927868,30.730288,34.6167,0.99143153,33.24838,4.9
255,Mo0.2Pt0.8,1.06,1.3524654,1.1517799,4.695804,0.9040878,30.319242,9.8
256,Mo0.5W0.5B4,39.6,43.42109,38.722652,44.531403,1.481824,49.69405,0.49
257,Mo0.5W0.5B4,33.0,36.794304,33.937763,38.85609,1.2546753,42.07645,0.98
258,Mo0.5W0.5B4,30.0,33.214867,30.464708,34.633923,1.063575,35.667763,1.96
259,Mo0.5W0.5B4,26.0,28.787977,27.177458,30.627058,0.88000005,29.511442,4.9
260,Mo0.65Os0.35,14.06,12.746001,8.617044,15.911743,1.8608925,62.406387,0.98
261,Mo0.6Ru0.4,10.0,12.411069,8.451427,16.011356,1.9285532,69.063805,0.49
262,Mo2B,24.52,15.929256,11.0154295,20.22707,2.349908,89.43721,0.49
263,Mo3.2Pt0.8,13.53,11.121451,6.5079303,13.150018,1.6944101,72.52351,0.98
264,Mo3Fe3N,20.3,14.912664,10.784716,14.215871,0.8752947,29.353645,0.98
265,Mo3Ni2N,20.5,15.376223,11.187384,13.167359,0.50509584,18.088087,0.98
266,Mo3Os,12.07,12.091157,8.742901,14.866939,1.5622545,66.15241,0.98
267,Mo3Pd2N,17.1,12.923694,11.947261,14.7641945,0.7186055,27.350037,0.49
268,Mo3Pt2N,19.4,15.890268,11.320725,15.566066,1.0829949,46.35395,0.98
269,MoB,23.78,21.810625,17.146128,24.862953,1.9685779,66.01769,0.49
270,MoB2,23.04,29.294264,26.659714,34.059284,1.8876455,67.59885,0.49
271,MoFe2,4.8,6.2643137,5.13631,11.595371,1.6477196,69.77136,0.5
272,MoPt,12.75,10.584029,5.2750626,9.545216,1.0893247,41.459564,0.98
273,Nb,0.53,8.192221,6.617818,12.950347,1.6154411,57.850883,0.98
274,Nb0.07Fe0.81B0.12,5.673,9.117342,8.657999,9.54714,0.2268217,7.6066313,1.0
275,Nb0.07Pt0.93,1.16,1.9991555,1.3023885,5.5956206,1.0952122,39.220863,9.8
276,Nb0.67Al0.33,12.26,5.2252226,4.2985215,8.41242,1.049464,35.19454,0.98
277,Nb0.95Al0.05,4.41,7.995277,6.551953,13.212728,1.6991771,60.84957,0.98
278,Nb2Al,3.7265,10.789712,6.456025,10.040666,0.9144491,38.72161,0.98
279,Nb3B2,10.46,14.098605,13.601432,20.561623,1.7755588,63.584892,0.49
280,Nb3B2,5.08,8.822274,11.505124,15.083014,0.9127269,32.685844,1.96
281,Nb3Ga,9.81,7.6581554,5.818039,8.357473,0.64781487,24.655754,0.49
282,Nb3Ge,9.11,8.97186,7.4470425,10.391305,0.75108737,32.147766,0.98
283,Nb3Si,7.12,8.284962,7.2986736,11.611737,1.1002713,36.8984,0.49
284,Nb3Sn,6.8,8.497786,7.634064,8.4220705,0.20102201,7.198839,0.98
285,Nb3Sn0.5Ge0.5,9.1,7.295158,6.855216,8.463858,0.41036776,17.376694,0.98
286,Nb5Ga3,10.42,8.66082,5.137386,8.599381,0.88316214,33.61304,0.98
287,Nb5GaSn2,9.65,9.07122,6.0675473,9.917748,0.9821941,42.039513,0.98
288,Nb5Ge3,10.42,8.094479,7.1186724,10.570304,0.88051826,29.528822,0.98
289,NbB,21.53,24.722385,22.578978,24.7771,0.5607454,23.744314,0.49
290,NbB,16.58,19.01828,17.81371,19.49867,0.42983705,18.201105,1.96
291,NbCr2,2.704,5.6021895,3.693547,8.351316,1.1882064,42.551098,4.9
292,NbGe2,7.8,9.386677,6.9098516,9.312418,0.6128996,25.952742,0.98
293,NbN,20.0,18.235748,16.67385,20.195366,0.8983461,34.19094,0.49
294,NdB6,24.91,28.77399,21.764547,24.092293,0.5938126,25.416147,0.69
295,NdC2,2.35,2.8879657,1.7852826,3.8417675,0.5246135,17.593296,1.72
296,NdFeRu,5.3,4.290555,2.8814607,4.991354,0.5382381,19.274952,49.03
297,NdMn2Si2,6.3,6.640973,5.301809,5.4243283,0.031254973,1.3234668,0.49
298,NdPd2Ge,4.61,5.625093,4.4252663,5.5098233,0.27667272,10.530129,0.98
299,NdRh3B,4.9,9.264216,6.7860293,7.3998227,0.15657994,6.701877,0.98
300,NdRuCo,5.49,4.042522,2.8576434,4.9584885,0.53592986,17.972797,49.03
301,NdRuNi,4.9,4.2384806,2.8332446,4.245603,0.36029553,15.421237,49.03
302,Ni0.05Ga0.95Sb,5.07,4.6643324,2.7223413,3.0734673,0.089572944,3.409135,1.96
303,Ni2B,14.02,10.232728,8.802703,13.519396,1.203238,50.950146,0.5
304,Ni3B,11.67,10.204313,6.8018084,11.09385,1.0949086,39.20999,0.49
305,NiB50,39.13,38.547672,34.881756,42.038963,1.8258182,78.147995,0.49
306,Os0.3Ru0.7B2,23.5,27.001799,22.914492,28.44443,1.4106984,50.518803,0.49
307,Os0.3Ru0.7B2,15.0,18.144047,16.343185,21.526731,1.3223331,47.354336,1.96
308,Os0.5Ru0.5B2,22.0,30.202513,24.5127,30.3444,1.4876789,62.994568,0.49
309,Os0.5Ru0.5B2,15.5,18.399967,17.58418,23.225595,1.4391364,60.939075,1.96
310,Os0.8Ru0.2B2,23.0,28.600866,26.402912,32.744076,1.6176437,69.23779,0.49
311,Os0.8Ru0.2B2,16.5,16.960966,18.869576,24.6441,1.473093,63.050785,1.96
312,Os2Si3,19.61,12.437088,11.25313,19.383585,2.0740957,69.55631,0.98
313,OsSi,14.22,17.90385,14.464967,18.92872,1.1387126,40.778664,0.98
314,Pd20Te7,5.05,2.509801,1.8300868,5.625256,0.96815544,40.995766,0.98
315,Pd3.5Te,2.54,3.6817358,1.8576275,7.846651,1.5278121,58.14834,0.98
316,Pd3Te2,2.7,2.6834412,1.7035087,4.6703234,0.7568404,32.394005,0.98
317,Pd9Te4,1.73,3.565869,2.5912287,6.3295407,0.953651,31.98138,0.98
318,Pr0.03Nd0.65Fe3NiSb12,1.86,3.4587681,3.8261168,3.7895508,1e-04,0.00358112,0.49
319,PrB6,24.22,23.67204,21.31091,25.518156,1.0732772,45.447063,0.98
320,PrC2,1.37,3.8583605,3.0867982,5.409869,0.59262013,22.555048,1.72
321,PrMn2Si2,6.5,6.291194,5.543029,6.478479,0.23863521,9.082426,0.49
322,Pt0.5Pd0.5,0.74,1.4933006,0.39527676,2.8650892,0.6300542,26.967346,9.8
323,Pt0.915Sn0.085,1.4,0.9879731,-0.13819695,3.3825257,0.89814353,32.163597,9.8
324,Pt0.91Al0.09,0.59,1.6445749,1.0741787,2.3731132,0.33136082,14.031207,9.8
325,Pt0.96Ge0.04,1.21,1.4130908,0.46339852,2.7871306,0.5927888,22.561468,9.8
326,Re0.25Pt0.75,0.85,1.3679177,0.9197729,3.6255639,0.6902528,29.543945,9.8
327,Re0.6W0.4B2,48.17,30.453505,27.86769,36.133602,2.1086512,70.71516,0.49
328,Re0.6W0.4B2,38.03,28.23391,25.180319,31.328213,1.5683403,52.595436,0.98
329,Re0.6W0.4B2,34.76,24.348225,22.543226,26.598171,1.0344248,34.69019,1.96
330,Re0.6W0.4B2,32.52,22.608284,21.6634,25.180637,0.8972542,30.090075,2.94
331,Re0.6W0.4B2,30.31,20.400894,20.086832,24.212385,1.052437,35.29424,4.9
332,Re0.9Si0.1,10.79,13.88251,9.925009,14.214979,1.0943801,36.700836,0.98
333,Re2Si,12.75,16.32331,13.460628,17.877861,1.1268452,40.35368,0.98
334,Re3B,16.57,14.937223,14.039546,18.85139,1.2275114,51.977985,0.98
335,Re7B3,16.18,18.39426,16.069221,23.70322,1.9474486,74.11965,0.98
336,ReB2,40.45,27.839478,24.590939,33.431904,2.2553482,75.63474,0.49
337,ReB2,35.08,26.279093,22.282625,29.383709,1.8115009,60.750004,0.98
338,ReB2,31.73,22.090193,19.686426,24.63721,1.2629553,42.354126,1.96
339,ReB2,30.3,20.607311,19.056438,23.36328,1.0986838,36.84516,2.93
340,ReB2,29.31,18.7717,17.739704,22.874035,1.3097782,43.924366,4.9
341,ReSi,17.16,11.936242,12.092801,19.959013,2.0066867,85.889465,0.98
342,ReSi2,22.56,12.357702,13.534191,18.15335,1.178357,39.51706,0.98
343,Rh0.5Pt0.5,0.71,0.7518818,-0.25589025,4.1869392,1.1333749,40.587517,9.8
344,Rh20Si13,11.08,8.119589,6.6309547,11.088325,1.1370841,48.148914,0.98
345,Rh2Si,2.06,12.108383,9.143857,12.880915,0.95333105,36.28366,0.98
346,Rh3Si2,9.22,10.866229,9.444746,12.236882,0.7122796,27.109274,0.98
347,Rh3Si4,10.2,11.299377,8.630873,14.343114,1.4572043,48.86841,0.98
348,Rh4Si5,11.38,10.892392,8.175074,12.618952,1.1336423,48.52174,0.98
349,Rh5Si3,10.79,7.1425996,6.5189767,10.996964,1.1423438,48.371628,0.98
350,Rh7B3,7.62,14.141011,9.85501,14.170323,1.1008452,41.898033,0.49
351,RhB1.1,11.89,19.133966,15.428698,22.944633,1.9173305,82.06487,0.49
352,RhSi,11.03,11.018169,7.1629624,9.047294,0.48069674,16.120516,0.98
353,Ru0.5Ir0.5Al,2.765,5.8663282,5.2561626,5.329965,0.01882716,0.6742232,1.96
354,Ru0.5Pt0.5,1.68,2.4808733,2.4749846,2.6325786,0.040202543,1.7023444,9.8
355,Ru0.5Rh0.5,4.81,8.400484,4.4819083,9.667099,1.3227527,50.343803,1.0
356,Ru2Ge3,10.79,6.301071,6.308757,8.986452,0.6830855,29.237175,0.98
357,Ru2Si3,15.2,12.926187,9.459302,16.233274,1.7280542,57.951557,0.2
358,RuB2,24.2,19.110195,16.523317,27.055613,2.68681,102.25965,0.25
359,RuB2,20.6,20.21869,17.034365,27.522593,2.6755683,101.831795,0.49
360,RuB2,16.74,18.476486,16.587395,26.776712,2.5993156,98.92963,0.98
361,RuB2,14.4,15.467487,14.7232485,24.404219,2.4696352,93.99401,1.96
362,Sc0.021Pt0.979,1.18,1.0868113,1.4014723,5.519144,1.0504265,37.61703,9.8
363,Sc0.05Y0.95B12,41.5078742,40.939457,38.476562,40.85932,0.6078467,21.76772,0.49
364,Sc0.05Y0.95B12,35.03897864,34.71218,33.968987,35.94063,0.50297076,18.011986,0.98
365,Sc0.05Y0.95B12,32.31957769,31.768581,30.816313,33.04193,0.56775975,20.332157,1.96
366,Sc0.05Y0.95B12,30.09461328,30.056204,29.374844,31.728445,0.6004085,21.501348,2.94
367,Sc0.05Y0.95B12,28.85852194,28.311909,28.421345,30.23523,0.4627257,16.570763,4.9
368,Sc0.05Zr0.95B12,41.513473,41.43181,39.5244,43.58068,1.0347658,44.289665,0.49
369,Sc0.05Zr0.95B12,35.91240375,35.24018,34.683582,36.70681,0.5161295,22.091185,0.98
370,Sc0.05Zr0.95B12,33.54446204,32.633186,31.270317,33.60317,0.5951151,25.471899,1.96
371,Sc0.05Zr0.95B12,31.24480269,30.975777,29.95657,31.806149,0.47183132,20.19515,2.94
372,Sc0.05Zr0.95B12,28.85409231,29.061918,28.762348,30.198792,0.3664396,15.684214,4.9
373,Sc0.25Y0.75B12,42.66650803,41.17299,37.950577,42.998158,1.2876481,49.007725,0.49
374,Sc0.25Y0.75B12,35.84738659,35.03927,33.829678,37.298195,0.8848258,33.67636,0.98
375,Sc0.25Y0.75B12,33.56061761,32.14867,30.550154,33.78885,0.82619774,31.444983,1.96
376,Sc0.25Y0.75B12,30.9648258,30.564001,29.32127,32.02016,0.68849254,26.20394,2.94
377,Sc0.25Y0.75B12,29.97595272,28.899498,28.319025,30.298857,0.5050591,19.222486,4.9
378,Sc0.25Zr0.75B12,43.69269246,42.75556,39.1308,43.206367,1.039686,37.232403,0.49
379,Sc0.25Zr0.75B12,36.88488368,36.388733,34.37365,37.500957,0.7977826,28.569551,0.98
380,Sc0.25Zr0.75B12,34.26651024,33.84008,31.198576,34.64292,0.87865955,31.465853,1.96
381,Sc0.25Zr0.75B12,32.14900026,32.19303,29.766861,32.975254,0.8184676,29.310307,2.94
382,Sc0.25Zr0.75B12,30.44134999,30.249039,28.761232,31.191477,0.6199603,22.201523,4.9
383,Sc0.5Y0.5B12,45.14486766,42.34696,38.032864,43.510506,1.3973576,53.183254,0.49
384,Sc0.5Y0.5B12,37.52230439,36.15553,33.893764,37.83466,1.0053303,38.26275,0.98
385,Sc0.5Y0.5B12,35.79175897,33.470806,30.614239,34.351254,0.9533201,36.283245,1.96
386,Sc0.5Y0.5B12,32.8251573,31.886139,29.385355,32.572147,0.8129572,30.941051,2.94
387,Sc0.5Y0.5B12,31.19763704,30.064789,28.38311,30.843033,0.6275313,23.883762,4.9
388,Sc0.5Zr0.5B12,47.96499819,44.799496,39.52051,45.41184,1.5028895,63.63865,0.49
389,Sc0.5Zr0.5B12,39.63166486,38.03108,34.617123,38.181625,0.9093119,38.50408,0.98
390,Sc0.5Zr0.5B12,37.17264847,35.323368,31.27964,35.24788,1.0123059,42.865276,1.96
391,Sc0.5Zr0.5B12,34.07613295,33.46005,29.992025,33.350758,0.85681945,36.28133,2.94
392,Sc0.5Zr0.5B12,32.04972129,31.63795,28.826069,31.620907,0.7129688,30.190092,4.9
393,Sc0.8Y0.2B12,44.36941513,42.852684,38.644897,44.469055,1.4857545,63.592716,0.49
394,Sc0.8Y0.2B12,36.06700163,36.57829,34.105305,38.156376,1.0334365,44.23277,0.98
395,Sc0.8Y0.2B12,35.03692551,33.853714,30.73282,35.33573,1.174212,50.25819,1.96
396,Sc0.8Y0.2B12,32.00851927,31.890385,29.55459,33.375996,0.9748483,41.725098,2.94
397,Sc0.8Y0.2B12,30.54579364,30.189981,28.494516,31.642784,0.8031295,34.37525,4.9
398,Sc0.8Zr0.2B12,45.95154316,44.2717,39.131344,44.47284,1.3626264,48.797287,0.49
399,Sc0.8Zr0.2B12,38.43785832,37.458416,34.388996,38.308037,0.99975526,35.802433,0.98
400,Sc0.8Zr0.2B12,36.32037198,34.532906,31.197975,35.02391,0.9760039,34.95187,1.96
401,Sc0.8Zr0.2B12,33.47428819,32.995647,29.772438,33.192383,0.87243485,31.242939,2.94
402,Sc0.8Zr0.2B12,31.31126451,31.035507,28.816713,31.64973,0.72270846,25.881056,4.9
403,Sc2C3,5.83,5.625057,5.834352,9.524177,0.94128174,39.85782,1.72
404,Sc2ReB6,34.7401001,35.378098,33.003685,36.724,0.94905967,40.18717,0.49
405,Sc2ReB6,31.83707398,30.974247,29.157068,31.746021,0.6604472,27.966105,0.98
406,Sc2ReB6,24.10401302,25.909498,25.401535,27.982105,0.65830874,27.875555,1.96
407,Sc2ReB6,22.70255213,23.78229,24.225994,26.291592,0.52693814,22.312773,2.94
408,Sc2ReB6,20.92569993,21.74956,22.679903,24.83051,0.548624,23.231041,4.9
409,Sc3Al3C2O5,9.0,9.28286,9.517124,13.408072,0.9925888,37.777805,2.0
410,Sc5Si3,7.6,4.1564784,3.1958086,5.703537,0.6397266,27.381342,1.96
411,ScB12,41.67556428,44.588905,38.03247,44.05028,1.5351558,58.427837,0.49
412,ScB12,35.18608474,37.941715,34.08141,38.48271,1.1227812,42.73291,0.98
413,ScB12,33.94997585,35.204205,30.85075,35.20212,1.1100438,42.248127,1.96
414,ScB12,30.32412547,33.537994,29.619228,33.56262,1.0059668,38.286972,2.94
415,ScB12,28.44938694,31.642584,28.653442,31.83818,0.8124332,30.921106,4.9
416,ScB2,17.46,23.270607,18.178925,24.700119,1.6635699,55.78903,1.96
417,ScNi3B,4.6,5.657536,5.3908873,7.617321,0.5679678,20.339607,2.942
418,ScRh3B,9.75,4.51751,5.0533547,6.868092,0.4629432,19.602957,2.942
419,ScRh3B0.5C0.5,7.4,9.109434,6.1852117,9.312066,0.7976669,30.359102,2.942
420,ScRh3C,9.9,5.6246934,5.731938,10.578172,1.2362841,52.914978,2.94
421,ScRu2,5.88,5.4727335,4.8844132,8.77608,0.99277216,33.29334,0.98
422,ScSi,4.2,4.404433,3.614044,6.676154,0.7811505,33.434517,1.96
423,ScSi1.67,8.2,7.9795337,4.9856095,9.494427,1.1502085,48.704655,0.98
424,Si,11.27,12.049657,12.493165,20.575897,2.0619214,88.2536,0.49
425,Si2N2O,19.0,19.35421,16.464558,26.616552,2.5897946,92.74365,0.98
426,Si3N4,20.0,27.032618,24.894232,31.295359,1.6329405,54.76185,0.98
427,SiC,22.9,26.853214,16.348536,28.103872,2.9988103,107.39099,2.0
428,SiO2,11.0,19.600546,12.86095,19.679209,1.7393515,73.65144,0.98
429,Sm2O3,4.71,6.808901,4.9162774,8.630023,0.94738406,36.05732,0.98
430,SmB6,24.52,24.216206,20.576708,25.53333,1.2644446,54.120293,0.98
431,SmC2,6.37,3.4671197,4.1489415,6.0203075,0.47738928,16.009598,1.72
432,SmMn2Si2,6.5,6.7656384,5.7452407,7.665577,0.4898817,17.543251,0.49
433,SmPd2Ge,5.51,5.0510063,4.699428,5.7686906,0.27277103,11.55027,0.98
434,Sr2Cu2GdRuO8,2.8,7.753232,6.761065,9.61143,0.7271339,27.674627,20.0
435,SrB6,28.54,25.522066,22.383478,29.396465,1.7890273,76.57329,0.29
436,SrVO3,3.85,6.8413377,5.3588076,9.448967,1.043408,34.991447,9.8
437,Ta0.01W0.99B,35.0,36.513336,30.414684,36.67527,1.5970882,68.35798,0.49
438,Ta0.01W0.99B,29.0,30.08791,26.893274,31.472277,1.1681129,49.99714,0.98
439,Ta0.01W0.99B,18.5,20.020819,19.759233,24.258778,1.1478429,49.129547,4.9
440,Ta0.03W0.97B4,52.02308473,48.250206,41.876328,49.232857,1.8766656,62.93535,0.49
441,Ta0.03W0.97B4,44.69812278,40.68521,37.054077,41.70317,1.1859932,39.773148,0.98
442,Ta0.03W0.97B4,37.94393709,36.32687,33.48139,36.277763,0.7133601,23.92305,1.96
443,Ta0.03W0.97B4,34.26560122,34.077286,31.78388,33.93508,0.5487758,18.403597,2.94
444,Ta0.03W0.97B4,31.82394723,31.47106,30.080832,32.011013,0.49239323,16.512766,4.9
445,Ta0.04W0.96B4,48.28132927,50.22073,41.885586,50.768463,2.26604,96.99021,0.49
446,Ta0.04W0.96B4,41.24175545,43.090652,36.898277,42.839184,1.5155374,64.86747,0.98
447,Ta0.04W0.96B4,36.39015728,37.685474,33.232307,37.677673,1.1340219,48.537987,1.96
448,Ta0.04W0.96B4,33.50456621,35.02285,31.869843,35.458862,0.91556627,39.18773,2.94
449,Ta0.04W0.96B4,31.22146119,32.842884,30.276484,33.671917,0.86618197,37.074,4.9
450,Ta0.09Pt0.91,1.02,1.7450426,0.8571044,5.152509,1.0957665,39.240715,9.8
451,Ta0.1W0.9B,36.5,35.331173,29.332754,34.8653,1.4113635,47.331104,0.49
452,Ta0.1W0.9B,30.5,29.303288,26.362404,30.552301,1.0688514,35.844707,0.98
453,Ta0.1W0.9B,20.0,19.07287,19.83049,22.799332,0.75735754,25.398537,4.9
454,Ta0.1W0.9B4,44.12734652,49.13592,41.707005,50.6162,2.2727537,81.39004,0.49
455,Ta0.1W0.9B4,39.90994419,41.21311,37.003002,43.492325,1.6554394,59.283268,0.98
456,Ta0.1W0.9B4,35.40715373,37.284298,33.51271,38.35184,1.234472,44.207924,1.96
457,Ta0.1W0.9B4,33.02891933,34.906914,31.976114,35.857327,0.99010515,35.456852,2.94
458,Ta0.1W0.9B4,30.90436327,32.68479,30.612923,34.047802,0.8762447,31.379374,4.9
459,Ta0.25W0.75B,38.0,37.60749,30.25668,36.699776,1.643647,62.557,0.49
460,Ta0.25W0.75B,28.5,30.597126,26.925903,32.645466,1.459072,55.532097,0.98
461,Ta0.25W0.75B,21.0,20.483046,20.081766,23.65873,0.91249067,34.729282,4.9
462,Ta0.3W0.7B4,42.6369863,44.46617,40.78623,46.24982,1.3937736,46.74121,0.49
463,Ta0.3W0.7B4,36.92922374,36.802467,35.87087,39.007507,0.8001629,26.834045,0.98
464,Ta0.3W0.7B4,32.96549975,33.353374,32.34568,34.417023,0.5284037,17.720404,1.96
465,Ta0.3W0.7B4,30.87265348,31.536066,30.746752,32.380405,0.41674837,13.975961,2.94
466,Ta0.3W0.7B4,29.38229325,29.56976,29.241917,30.55343,0.33456987,11.220044,4.9
467,Ta0.5Nb0.5Cr2,10.44,6.391285,4.3021584,9.630865,1.3593639,57.561172,1.96
468,Ta0.5W0.5B4,40.86123795,43.3858,40.561005,46.832542,1.599882,68.47756,0.49
469,Ta0.5W0.5B4,33.78995434,36.652954,35.635014,39.679478,1.031751,44.16063,0.98
470,Ta0.5W0.5B4,31.91907661,33.062206,31.979927,35.412846,0.8757445,37.483295,1.96
471,Ta0.5W0.5B4,31.09462202,30.839193,30.613,33.442497,0.7218103,30.894657,2.94
472,Ta0.5W0.5B4,30.30187722,28.806932,29.142208,31.836273,0.68726146,29.415913,4.9
473,Ta3B2,27.16,20.897352,14.613774,27.515715,3.2913113,125.2669,0.49
474,Ta3B4,32.85,36.939327,29.915813,36.69277,1.728815,73.9961,0.49
475,TaB,30.69,33.2157,25.883652,31.250729,1.3691522,45.915516,0.49
476,TaB2,24.52,36.368908,32.982216,40.355778,1.8810107,67.361244,0.29
477,TaC,23.58,20.51027,14.268634,21.345852,1.8054128,76.44875,0.98
478,TaCr2,2.98,10.382684,5.497835,8.199078,0.68909246,26.226772,1.96
479,TaN,22.0,24.84992,16.980488,23.298183,1.611657,68.98155,0.1
480,TbB6,22.56,23.887201,22.378109,24.9026,0.6440026,21.597097,0.98
481,TbMn2Si2,5.5,6.44237,5.6078477,7.231508,0.414199,13.890465,0.49
482,TbPd2Ge,7.45,4.6517344,4.408757,5.363225,0.24348667,10.310247,0.98
483,ThB6,17.06,28.404184,28.571568,33.880432,1.3543022,48.499184,0.19
484,ThB66,22.65,29.921284,30.336864,35.779266,1.3883678,46.559925,0.98
485,ThC,5.88,6.7849574,4.2149773,8.521777,1.0986735,41.815376,1.96
486,ThC2,5.88,8.940556,5.692345,14.144279,2.1561053,92.28483,1.96
487,ThCo3Al2,5.6,6.3654346,4.882992,7.3107905,0.6193364,20.769897,0.98
488,ThFe3Al2,5.75,4.841961,4.8998275,7.296018,0.6112731,21.890423,0.98
489,ThMn3Al2,5.51,5.9051857,4.9941897,9.141902,1.0580899,44.803963,0.98
490,ThPt5,3.85,5.542104,3.2223349,6.534921,0.84504753,32.162403,0.98
491,ThRe2,6.28,6.8068023,6.600509,12.75096,1.5689926,67.15544,0.98
492,Ti0.08W0.92B4,51.00800966,45.95837,40.790173,48.522835,1.9726179,83.528915,0.49
493,Ti0.08W0.92B4,39.88907019,38.726006,35.798786,41.300785,1.4035711,59.43309,0.98
494,Ti0.08W0.92B4,36.18272501,34.791138,32.357582,36.53676,1.0661163,45.14384,1.96
495,Ti0.08W0.92B4,34.42381695,32.82134,31.093279,34.450047,0.85631824,36.26011,2.94
496,Ti0.08W0.92B4,32.50781335,30.699095,29.635775,32.67767,0.7759936,32.858826,4.9
497,Ti0.1W0.9B4,44.41352722,48.969593,41.236435,49.961987,2.225906,84.717705,0.49
498,Ti0.1W0.9B4,37.28359442,40.03951,36.654213,42.313663,1.4437374,54.948463,0.98
499,Ti0.1W0.9B4,34.01698226,35.943634,32.991932,37.280033,1.0939033,41.633823,1.96
500,Ti0.1W0.9B4,32.2894837,33.864624,31.7393,35.320503,0.9135723,34.770447,2.94
501,Ti0.1W0.9B4,30.12220409,31.854252,30.460602,33.530205,0.783062,29.803242,4.9
502,Ti0.25B3.5C0.75,39.55,28.324379,28.31945,31.37871,0.7804233,26.172064,4.9
503,Ti0.3W0.7B4,38.24093585,43.976875,39.85471,46.98227,1.818255,60.976505,0.49
504,Ti0.3W0.7B4,34.40897668,37.108982,34.883575,40.08465,1.3268043,44.49535,0.98
505,Ti0.3W0.7B4,32.4615876,33.608963,31.45354,35.913383,1.137715,38.154102,1.96
506,Ti0.3W0.7B4,30.73404101,31.50329,29.818598,33.75765,1.0048598,33.698704,2.94
507,Ti0.3W0.7B4,29.54050397,29.699492,28.323988,31.7344,0.870003,29.176184,4.9
508,Ti0.5Nb0.5,1.47,10.300069,5.174503,13.773712,2.1936758,78.55816,0.049
509,Ti0.5Nb0.5N,15.5,18.658047,13.983924,20.976929,1.7839297,75.53907,0.98
510,Ti0.75Pt0.25,1.46,4.9288154,1.9483091,7.171139,1.3323545,50.709248,9.8
511,Ti0.815Sn0.185,2.06,2.8603952,2.788026,4.9458776,0.5504723,23.561113,2.94
512,Ti0.89Al0.11,2.04,3.3570414,2.7063634,5.444408,0.6984807,23.42406,0.98
513,Ti0.89V0.11,1.92,3.4593058,1.8956941,4.638227,0.6996257,25.054434,2.94
514,Ti0.9Si0.1,3.01,1.5161356,2.0749216,4.1278086,0.52369565,22.175472,2.94
515,Ti3Al,2.98,5.1812387,3.4810383,7.7545104,1.0901713,41.491787,0.98
516,Ti3GeC2,2.2,2.798935,4.425244,13.201675,2.2388856,95.82796,9.8
517,Ti3SiC2,3.0,6.151447,5.6874633,12.90352,1.8408307,61.733597,9.8
518,Ti5Ge3,9.51,7.1080256,5.9476,8.303066,0.60088426,21.518385,0.98
519,TiB,27.46,23.319635,22.45191,26.095865,0.9295804,39.362335,0.29
520,TiB2,33.05,28.557003,24.262558,32.18084,2.0199697,86.458,0.29
521,TiB2,33.0,20.683947,19.798103,24.002237,1.0724832,45.90403,4.9
522,TiB2,26.0,20.671423,19.798103,24.002237,1.0724832,45.90403,9.8
523,TiB50,35.7,34.463356,36.541565,43.654404,1.8144996,69.05963,0.49
524,TiC,26.0,16.721684,12.6278515,21.067936,2.1530826,91.170555,0.98
525,TiGe2,3.01,7.7671576,6.4726195,9.111314,0.6731363,24.105818,0.98
526,TiMn2,5.82,5.86621,5.1528697,7.6631193,0.6403698,21.475267,0.98
527,TiN,18.0,11.44245,13.768218,15.356175,0.40509117,17.338564,0.98
528,TiRu,7.85,7.3237658,5.235301,8.8859825,0.9312963,39.434994,0.59
529,TiRu0.4Ni0.6,7.26,6.0904875,5.4310923,9.466289,1.0293868,39.178333,0.59
530,TmB12,37.27,34.159874,34.999474,35.769814,0.19651529,8.411175,0.49
531,UCo5,5.88,5.610917,4.8694887,8.896285,1.027244,34.449375,0.49
532,UV2Al20,3.14,8.133389,5.877566,9.753769,0.9888273,35.41109,0.49
533,V0.25Pt0.75,1.95,3.6503503,2.4655986,4.9161944,0.625152,26.47156,9.8
534,V0.25Re0.75,19.91,19.690174,10.363821,20.131868,2.4918487,94.839455,0.98
535,V0.8Re0.2,5.1,12.84987,6.8620753,14.630315,1.9816937,84.819725,0.98
536,V1.16Re2.84,21.2,18.012407,8.74842,17.807602,2.3110158,77.5016,0.98
537,V11Ge8,5.2,8.351674,7.380279,12.062937,1.1945555,42.778465,0.98
538,V17Ge31,7.81,7.4188066,7.306491,9.832313,0.64434224,23.074669,0.98
539,V3B2,22.36,24.687862,19.715149,22.896639,0.81160456,34.36674,0.49
540,V3B4,23.05,30.494305,25.26744,30.916632,1.4411201,61.682293,0.49
541,V3Ga,9.02,6.32295,5.2212,8.474016,0.8298,27.827948,0.98
542,V3Ge,7.9,8.612507,7.0837975,12.126251,1.2863402,46.065388,0.98
543,V3Si,8.9,8.301298,7.152577,11.5182705,1.1136973,47.158615,0.49
544,V5Ge3,7.0,8.861456,6.3226457,11.12202,1.2243301,46.59785,0.98
545,V6Ga5,9.81,7.005794,5.0740194,8.561459,0.88965285,38.078594,0.98
546,VB2,27.46,26.72493,25.579407,33.45723,2.0096486,67.39503,0.29
547,VB50,35.4,39.27207,36.450382,42.15562,1.4554179,52.12026,0.49
548,VC,23.1,31.996162,21.985312,29.715939,1.9720987,83.506935,0.49
549,VO0.33,9.81,10.069783,7.25689,11.040535,0.96521556,36.735985,0.98
550,W0.35Os0.65,7.72667,13.473583,8.298204,12.479789,1.0667307,45.657818,0.98
551,W0.5Dy0.5B11.6,25.24878049,25.15179,25.494612,27.519094,0.5164497,19.656012,4.9
552,W0.5Dy0.5B11.6,37.67804878,36.869457,36.135067,40.913143,1.218897,46.391068,0.49
553,W0.5Dy0.5B11.6,31.32682927,31.335907,31.286285,34.302837,0.76952857,29.288162,0.98
554,W0.5Dy0.5B11.6,28.76585366,28.566,28.00006,30.60575,0.66471684,25.29904,1.96
555,W0.5Dy0.5B11.6,28.42439024,26.877771,26.786098,29.076103,0.5841849,22.234003,2.94
556,W0.5Er0.5B11.6,25.86336867,26.343046,27.545467,28.718782,0.29931507,12.674256,4.9
557,W0.5Er0.5B11.6,37.48881037,38.09782,38.131733,42.754673,1.1793214,49.937416,0.49
558,W0.5Er0.5B11.6,32.23949745,32.43379,33.562878,35.372368,0.46160462,19.546276,0.98
559,W0.5Er0.5B11.6,28.74911661,29.571796,30.316782,31.841558,0.3889736,16.470774,1.96
560,W0.5Er0.5B11.6,27.40243424,28.140337,29.07689,30.06242,0.25141045,10.645774,2.94
561,W0.5Gd0.5B11.6,25.62101129,26.970346,27.608618,29.552372,0.49585566,20.996609,4.9
562,W0.5Gd0.5B11.6,35.03436426,38.51672,38.503593,43.26583,1.2148565,51.442123,0.49
563,W0.5Gd0.5B11.6,29.06725577,33.129,33.80348,36.01237,0.5634931,23.86066,0.98
564,W0.5Gd0.5B11.6,28.5886107,30.30605,30.413218,32.94419,0.64565647,27.339804,1.96
565,W0.5Gd0.5B11.6,27.02503682,28.750837,29.13997,31.109564,0.5024472,21.275723,2.94
566,W0.5Ho0.5B11.6,27.02666667,25.466057,25.995426,28.143599,0.54800314,20.856932,4.9
567,W0.5Ho0.5B11.6,36.82666667,37.128777,36.445354,41.223736,1.2189748,46.39403,0.49
568,W0.5Ho0.5B11.6,33.42666667,31.625902,31.673244,34.640045,0.7568369,28.805119,0.98
569,W0.5Ho0.5B11.6,28.99333333,28.855988,28.509987,31.266985,0.7033158,26.768112,1.96
570,W0.5Ho0.5B11.6,28.09333333,27.167759,27.285126,29.813107,0.64489305,24.54455,2.94
571,W0.5Nb0.5B2.1,36.21106122,32.924767,32.245487,36.370087,1.0521938,45.03561,0.49
572,W0.5Nb0.5B2.1,32.2766464,29.743153,29.091002,31.995707,0.7409962,31.715845,0.98
573,W0.5Nb0.5B2.1,30.21467078,26.435228,25.748043,28.138353,0.60977304,26.099281,1.96
574,W0.5Nb0.5B2.1,27.22830188,24.48233,24.802544,26.897364,0.53439283,22.872885,2.94
575,W0.5Nb0.5B2.1,26.06696989,22.48421,23.333214,25.563414,0.56892854,24.35107,4.9
576,W0.5Pt0.5,0.85,3.0121503,3.3476274,7.919158,1.1662067,44.38568,9.8
577,W0.5Sc0.5B11.6,42.67955647,41.199368,39.223118,42.499104,0.83571064,35.76978,0.49
578,W0.5Sc0.5B11.6,34.73389654,34.450165,34.297695,35.90249,0.4093861,17.522392,0.98
579,W0.5Sc0.5B11.6,32.29983875,31.472143,30.822067,32.275364,0.37073892,15.868231,1.96
580,W0.5Sc0.5B11.6,30.70508709,29.853828,29.505222,30.242197,0.18800375,8.046867,2.94
581,W0.5Sc0.5B11.6,28.15914273,27.944529,28.13993,28.549326,0.10443755,4.4700975,4.9
582,W0.5Ta0.5B,42.8,37.437454,30.536072,36.14536,1.4309406,60.59203,0.49
583,W0.5Ta0.5B,34.0,30.86781,27.074677,30.354435,0.8366731,35.42825,0.98
584,W0.5Ta0.5B,21.0,21.823547,20.653515,22.639225,0.5065587,21.449821,4.9
585,W0.5Ta0.5B2.1,32.21626605,35.119473,34.197956,40.14257,1.5164832,57.717163,0.49
586,W0.5Ta0.5B2.1,28.5809234,30.841612,30.848333,35.03096,1.0669966,40.609756,0.98
587,W0.5Ta0.5B2.1,27.90509903,27.666834,27.41372,30.906431,0.89099795,33.91127,1.96
588,W0.5Ta0.5B2.1,25.90099987,26.22368,26.642338,29.265392,0.66914654,25.467634,2.94
589,W0.5Ta0.5B2.1,23.66386593,24.01301,25.02068,27.781187,0.7042111,26.802187,4.9
590,W0.5Tb0.5B11.6,24.97814208,26.060926,25.681458,27.984112,0.5874118,24.873482,4.9
591,W0.5Tb0.5B11.6,36.67213115,37.90668,35.627697,41.898,1.5995668,67.73237,0.49
592,W0.5Tb0.5B11.6,32.32786885,32.2757,30.797695,34.648277,0.98229134,41.594337,0.98
593,W0.5Tb0.5B11.6,28.39344262,29.363403,27.97227,31.502794,0.9006442,38.137054,1.96
594,W0.5Tb0.5B11.6,27.21857923,27.878704,27.068905,29.540043,0.6303923,26.693457,2.94
595,W0.5Y0.5B11.6,28.92852563,27.759695,27.766947,28.44619,0.17327629,6.2052317,4.9
596,W0.5Y0.5B11.6,39.96680415,40.57951,38.77139,41.07893,0.5886584,21.080563,0.49
597,W0.5Y0.5B11.6,34.46466469,34.30459,33.874176,35.03952,0.29728168,10.646013,0.98
598,W0.5Y0.5B11.6,30.55879971,31.482882,30.682205,31.625664,0.2406782,8.618976,1.96
599,W0.5Y0.5B11.6,29.30213011,29.790098,29.261145,29.89912,0.1627489,5.8282332,2.94
600,W0.6Nb0.4B2.1,36.00342752,35.799324,31.881996,36.738804,1.2389815,41.550148,0.49
601,W0.6Nb0.4B2.1,33.01710713,32.369595,29.207674,33.41187,1.0724987,35.967026,0.98
602,W0.6Nb0.4B2.1,30.22034741,28.955046,25.794197,29.127531,0.8503403,28.51678,1.96
603,W0.6Nb0.4B2.1,28.32423132,27.250668,25.01187,27.537909,0.64439774,21.610348,2.94
604,W0.6Nb0.4B2.1,25.88303733,24.837164,23.24659,26.82914,0.9139158,30.648832,4.9
605,W0.75Sc0.25B11.6,41.91300677,40.45385,39.220055,43.000484,0.96439534,41.277695,0.49
606,W0.75Sc0.25B11.6,34.52687623,34.129322,34.304905,36.30133,0.50929224,21.79854,0.98
607,W0.75Sc0.25B11.6,32.7083273,31.432898,30.851892,32.566456,0.4373886,18.720945,1.96
608,W0.75Sc0.25B11.6,30.69393464,29.753311,29.535048,30.46506,0.23724788,10.154596,2.94
609,W0.75Sc0.25B11.6,28.20394564,27.77395,28.183765,28.728045,0.13884671,5.942866,4.9
610,W0.7Os0.3,17.04,10.667457,6.53133,11.667892,1.3103476,43.94346,0.49
611,W0.88Ta0.02Cr0.1B4,49.9,49.23837,42.27139,49.134266,1.7507339,58.712135,0.49
612,W0.88Ta0.02Cr0.1B4,43.0,40.144062,37.256783,41.526844,1.0893013,36.530514,0.98
613,W0.88Ta0.02Cr0.1B4,37.8,35.672348,33.79192,36.900116,0.7929072,26.59072,1.96
614,W0.88Ta0.02Cr0.1B4,34.5,33.49188,32.098896,34.413124,0.5903643,19.798296,2.94
615,W0.88Ta0.02Cr0.1B4,30.8,31.135838,30.487526,32.38935,0.48515943,16.270174,4.9
616,W0.88Ta0.02Mn0.1B4,47.2,48.122604,41.408955,49.594994,2.0882752,74.78364,0.49
617,W0.88Ta0.02Mn0.1B4,36.9,40.316803,36.440468,42.404655,1.5214764,54.485893,0.98
618,W0.88Ta0.02Mn0.1B4,33.1,35.609447,32.952923,37.501606,1.1603783,41.55454,1.96
619,W0.88Ta0.02Mn0.1B4,31.5,33.31588,31.46937,35.077496,0.9204402,32.962067,2.94
620,W0.88Ta0.02Mn0.1B4,30.4,30.62682,30.02442,33.115917,0.7886473,28.242405,4.9
621,W0.8Dy0.2B11.6,26.95609756,28.841751,26.702358,28.85117,0.54816616,18.383152,4.9
622,W0.8Dy0.2B11.6,41.74146341,41.958942,36.698467,42.279613,1.4237617,47.746887,0.49
623,W0.8Dy0.2B11.6,33.71707317,35.52386,32.201817,35.1966,0.76397586,25.620487,0.98
624,W0.8Dy0.2B11.6,30.33658537,32.35557,29.294521,31.700256,0.6137079,20.581142,1.96
625,W0.8Dy0.2B11.6,28.8,30.696764,27.923742,30.766047,0.72507757,24.316004,2.94
626,W0.8Er0.2B11.6,27.01766784,28.817055,27.632683,28.949018,0.3357999,14.372784,4.9
627,W0.8Er0.2B11.6,38.58814291,42.558105,38.307735,43.247364,1.2601093,53.934734,0.49
628,W0.8Er0.2B11.6,35.23517864,35.37369,33.468613,36.138546,0.68110543,29.152424,0.98
629,W0.8Er0.2B11.6,31.03023165,32.38385,30.15079,32.749958,0.6630533,28.379763,1.96
630,W0.8Er0.2B11.6,30.61798194,30.73953,28.89158,30.556831,0.42480886,18.182512,2.94
631,W0.8Gd0.2B11.6,28.04614629,27.869335,27.775166,29.209255,0.36583918,13.923794,4.9
632,W0.8Gd0.2B11.6,38.35297005,41.967762,38.94083,43.435543,1.1466104,43.639847,0.49
633,W0.8Gd0.2B11.6,32.76877761,35.054253,33.942833,36.21256,0.5790117,22.037113,0.98
634,W0.8Gd0.2B11.6,30.72655866,31.772316,30.409666,32.379417,0.5024876,19.124615,1.96
635,W0.8Gd0.2B11.6,29.45017182,29.947197,29.142656,30.877394,0.44253504,16.842829,2.94
636,W0.8Ho0.2B11.6,30.19333333,27.170778,26.250942,27.80932,0.39754546,16.833742,4.9
637,W0.8Ho0.2B11.6,43.02666667,40.250977,36.914345,41.926315,1.2785639,54.13976,0.49
638,W0.8Ho0.2B11.6,36.29333333,33.65497,31.956896,34.753525,0.71342576,30.20944,0.98
639,W0.8Ho0.2B11.6,33.36,30.51845,28.952042,31.02058,0.52768844,22.344543,1.96
640,W0.8Ho0.2B11.6,31.32666667,29.061842,27.808138,29.08231,0.32504383,13.76372,2.94
641,W0.8Nb0.2B2.1,37.12878326,36.056015,33.416504,38.252968,1.2337918,44.183563,0.49
642,W0.8Nb0.2B2.1,33.21809384,31.985252,30.157001,33.72393,0.9099308,32.585712,0.98
643,W0.8Nb0.2B2.1,29.61551935,29.18009,26.917904,30.13654,0.8210805,29.403877,1.96
644,W0.8Nb0.2B2.1,27.31650799,27.419214,25.816965,28.208672,0.6101292,21.849457,2.94
645,W0.8Nb0.2B2.1,24.94636894,25.075586,24.30921,26.553556,0.57253736,20.50325,4.9
646,W0.8Sc0.2B11.6,39.25845882,41.700935,38.919483,42.401985,0.88839334,31.81443,0.49
647,W0.8Sc0.2B11.6,34.78205484,35.15732,33.990578,36.28571,0.5854928,20.9672,0.98
648,W0.8Sc0.2B11.6,32.37597472,32.324085,30.771015,32.65627,0.48093212,17.222755,1.96
649,W0.8Sc0.2B11.6,30.0818053,30.609695,29.353561,30.930239,0.4022136,14.403751,2.94
650,W0.8Sc0.2B11.6,27.78763589,28.427053,27.863642,29.503908,0.4184353,14.98467,4.9
651,W0.8Ta0.2B2.1,34.59975148,34.51787,33.28357,37.945736,1.1893282,50.905186,0.49
652,W0.8Ta0.2B2.1,31.54699579,29.993658,29.903605,32.022205,0.5404594,23.132544,0.98
653,W0.8Ta0.2B2.1,29.49626618,27.81546,26.467602,28.226526,0.44870523,19.205317,1.96
654,W0.8Ta0.2B2.1,27.23585225,26.350466,25.538746,27.036926,0.38218886,16.358307,2.94
655,W0.8Ta0.2B2.1,24.88217742,24.449785,24.117805,25.743639,0.41475344,17.752125,4.9
656,W0.8Tb0.2B11.6,26.69945355,27.158915,26.304668,28.519552,0.5650214,20.234095,4.9
657,W0.8Tb0.2B11.6,42.30054645,40.20024,37.286095,41.2535,1.0120937,36.24429,0.49
658,W0.8Tb0.2B11.6,32.32786885,33.78786,31.954924,35.236828,0.83722043,29.981867,0.98
659,W0.8Tb0.2B11.6,29.15846995,30.758215,29.032995,31.675812,0.6741879,24.143476,1.96
660,W0.8Tb0.2B11.6,28.14754098,29.090502,27.653687,29.90586,0.5745343,20.574762,2.94
661,W0.8Y0.2B11.6,27.64738769,27.854536,28.079712,29.154268,0.27412152,10.433031,4.9
662,W0.8Y0.2B11.6,38.65173773,41.562016,39.413372,43.492725,1.0406513,39.60706,0.49
663,W0.8Y0.2B11.6,32.87785036,34.643276,34.454796,36.660362,0.5626445,21.414179,0.98
664,W0.8Y0.2B11.6,31.21357668,31.63892,30.888058,32.62349,0.44271216,16.84957,1.96
665,W0.8Y0.2B11.6,29.31159025,29.963327,29.564083,30.883911,0.3366908,12.81441,2.94
666,W0.93Ta0.02Cr0.05B4,57.3,52.76801,43.119858,53.157642,2.5606592,109.60039,0.49
667,W0.93Ta0.02Cr0.05B4,44.1,44.489174,38.051174,45.464355,1.8911177,80.942924,0.98
668,W0.93Ta0.02Cr0.05B4,38.2,38.371876,34.335114,39.27723,1.2607439,53.961895,1.96
669,W0.93Ta0.02Cr0.05B4,34.8,35.771133,32.90819,36.92342,1.024293,43.841408,2.94
670,W0.93Ta0.02Cr0.05B4,31.7,33.234585,31.078207,34.995426,0.9992906,42.771267,4.9
671,W0.94Ta0.02Mn0.04B4,55.8,51.74861,43.029984,51.41716,2.1395857,81.432365,0.49
672,W0.94Ta0.02Mn0.04B4,46.7,42.579796,38.019135,44.03071,1.5335647,58.367283,0.98
673,W0.94Ta0.02Mn0.04B4,37.0,37.363155,34.221645,37.952175,0.95166576,36.22028,1.96
674,W0.94Ta0.02Mn0.04B4,34.8,34.534496,32.83206,35.85318,0.7706934,29.332495,2.94
675,W0.94Ta0.02Mn0.04B4,30.9,32.02744,31.462528,34.040295,0.6575935,25.027925,4.9
676,W0.94Ta0.06B2.1,35.7105193,33.09881,31.774384,36.111282,1.1063517,46.847576,0.49
677,W0.94Ta0.06B2.1,29.86134618,29.107027,28.771973,30.785856,0.5137458,21.754152,0.98
678,W0.94Ta0.06B2.1,27.36785048,26.992435,25.967934,27.652325,0.42969158,18.194944,1.96
679,W0.94Ta0.06B2.1,26.10946264,25.535944,24.984823,25.886593,0.23004328,9.740997,2.94
680,W0.94Ta0.06B2.1,24.26846434,23.62855,23.314411,24.173409,0.21913198,9.278968,4.9
681,W0.9Cr0.1B4,53.5,49.335754,41.809414,49.698544,2.012533,72.07122,0.49
682,W0.9Cr0.1B4,32.4,30.632172,30.23853,33.36897,0.79858154,28.598162,4.9
683,W0.9Dy0.1B11.6,27.05853659,28.254131,26.749023,30.10316,0.85564727,30.641754,4.9
684,W0.9Dy0.1B11.6,41.05853659,42.77687,37.696056,43.90892,1.5849142,56.75768,0.49
685,W0.9Dy0.1B11.6,33.30731707,35.295307,32.50527,36.976402,1.1405954,40.846092,0.98
686,W0.9Dy0.1B11.6,29.89268293,32.41223,29.508396,33.163383,0.9323947,33.39017,1.96
687,W0.9Dy0.1B11.6,27.87804878,30.571205,28.116816,31.494677,0.8616992,30.858482,2.94
688,W0.9Er0.1B11.6,28.17196702,28.94246,27.391766,29.20883,0.4635368,15.545044,4.9
689,W0.9Er0.1B11.6,45.87122104,43.044968,37.58863,43.138077,1.415675,47.475693,0.49
690,W0.9Er0.1B11.6,34.3557126,35.976242,33.100323,36.34954,0.8288821,27.797165,0.98
691,W0.9Er0.1B11.6,32.48684727,32.563942,30.151539,32.574303,0.618052,20.726824,1.96
692,W0.9Er0.1B11.6,31.46996466,30.878435,28.663427,31.408756,0.700339,23.48638,2.94
693,W0.9Gd0.1B11.6,30.05645557,27.775633,27.794228,29.745962,0.49789146,21.310566,4.9
694,W0.9Gd0.1B11.6,44.03289151,41.30348,38.495365,43.691643,1.325581,56.737026,0.49
695,W0.9Gd0.1B11.6,35.83210604,34.47755,33.629143,36.48445,0.72839504,31.176497,0.98
696,W0.9Gd0.1B11.6,31.84339715,31.485003,30.290325,33.083458,0.71253383,30.49761,1.96
697,W0.9Gd0.1B11.6,31.55621011,29.73528,29.020813,31.305002,0.5827013,24.940567,2.94
698,W0.9Ho0.1B11.6,29.42666667,27.908571,26.384287,28.436876,0.5236197,22.172256,4.9
699,W0.9Ho0.1B11.6,43.06,42.157677,37.265743,42.936436,1.4466052,61.255333,0.49
700,W0.9Ho0.1B11.6,35.36,34.426315,32.09302,35.539192,0.8791252,37.22585,0.98
701,W0.9Ho0.1B11.6,33.72666667,31.289213,29.052437,31.670311,0.66782504,28.278515,1.96
702,W0.9Ho0.1B11.6,32.12666667,29.762592,27.908533,29.742683,0.46789548,19.812658,2.94
703,W0.9Nb0.1B2.1,37.11075874,36.451126,33.292637,37.580334,1.0938002,41.629898,0.49
704,W0.9Nb0.1B2.1,32.10979226,32.11021,30.08588,33.539425,0.88100624,33.530987,0.98
705,W0.9Nb0.1B2.1,29.38416024,29.066666,26.85579,29.460297,0.6644152,25.28756,1.96
706,W0.9Nb0.1B2.1,28.03321906,27.71189,26.067186,27.788086,0.439005,16.708475,2.94
707,W0.9Nb0.1B2.1,25.63940312,25.571442,24.528904,26.329123,0.45923942,17.478596,4.9
708,W0.9Sc0.1B11.6,43.09813533,43.57003,39.2505,44.51511,1.3430128,56.868797,0.49
709,W0.9Sc0.1B11.6,36.29956011,35.713226,34.21786,37.187717,0.7576164,32.080658,0.98
710,W0.9Sc0.1B11.6,34.08932372,32.307003,30.893843,33.241673,0.59893614,25.36147,1.96
711,W0.9Sc0.1B11.6,30.73200263,30.688578,29.603535,31.33493,0.44168258,18.702694,2.94
712,W0.9Sc0.1B11.6,28.35390018,28.814623,28.019512,29.95335,0.49332598,20.889492,4.9
713,W0.9Ta0.1B2.1,34.92040922,33.85561,32.038013,35.984425,1.0067375,33.761673,0.49
714,W0.9Ta0.1B2.1,28.81489784,30.309465,29.276081,31.874212,0.66278857,22.227097,0.98
715,W0.9Ta0.1B2.1,27.3234987,27.471785,26.178055,27.477476,0.33148503,11.116592,1.96
716,W0.9Ta0.1B2.1,26.55446042,25.804462,25.44536,26.01882,0.14629072,4.905966,2.94
717,W0.9Ta0.1B2.1,24.50377779,23.62678,23.655294,24.896164,0.31654835,10.61568,4.9
718,W0.9Tb0.1B11.6,26.50819672,27.838884,26.516571,29.788898,0.8347774,35.729836,4.9
719,W0.9Tb0.1B11.6,42.6010929,41.89166,37.273815,43.43859,1.5726469,67.31185,0.49
720,W0.9Tb0.1B11.6,35.60655738,34.652683,31.94699,36.298233,1.1100112,47.510292,0.98
721,W0.9Tb0.1B11.6,30.22404372,31.54608,28.819767,33.055637,1.0805792,46.250553,1.96
722,W0.9Tb0.1B11.6,28.44808743,29.933304,27.74155,31.323183,0.91368175,39.10707,2.94
723,W0.9Y0.1B11.6,29.74501412,29.37762,28.14026,30.137114,0.50940126,19.387749,4.9
724,W0.9Y0.1B11.6,43.77216402,43.92763,39.556152,44.797745,1.3371409,50.89142,0.49
725,W0.9Y0.1B11.6,37.01331939,36.641174,34.570786,37.567265,0.7644079,29.09327,0.98
726,W0.9Y0.1B11.6,33.44709484,33.26739,30.972012,33.74464,0.7073032,26.919872,1.96
727,W0.9Y0.1B11.6,31.3752882,31.601995,29.654146,31.964088,0.58927095,22.42758,2.94
728,W2B,23.73,25.407597,16.183176,29.413448,3.3750694,144.45848,0.49
729,W2B5,26.12,34.251022,31.11348,38.967068,2.0034664,85.75163,0.29
730,W2C,24.0,17.77727,13.818147,24.733912,2.7846339,93.38473,0.49
731,W2C,20.5,16.088036,13.268348,21.683676,2.1467674,71.99341,0.98
732,WB,36.28,33.168278,26.776972,33.81017,1.794183,60.169235,0.49
733,WB11.6,41.2583195,43.58819,38.20959,45.009396,1.734644,74.2456,0.49
734,WB11.6,34.06805683,36.38116,33.574913,37.618595,1.0315515,44.15209,0.98
735,WB11.6,30.71075987,33.452457,30.424728,34.121025,0.9429328,40.359062,1.96
736,WB11.6,29.25589659,31.434116,29.155964,32.51084,0.8558361,36.63118,2.94
737,WB11.6,26.40217366,29.462362,27.925482,31.01489,0.7881145,33.732586,4.9
738,WB2,26.09,34.577377,32.122673,36.40753,1.0930762,39.14437,0.29
739,WB2.1,29.50839113,33.21611,28.887203,35.891907,1.7869141,59.925465,0.49
740,WB2.1,25.92951778,29.514814,26.224182,31.851883,1.435638,48.145164,0.98
741,WB2.1,24.69705809,26.542871,23.232706,27.473585,1.0818568,36.280857,1.96
742,WB2.1,23.20388577,24.708166,22.53157,26.405588,0.9882698,33.14235,2.94
743,WB2.1,21.94770066,22.425188,20.843391,25.29088,1.1345634,38.048412,4.9
744,WB4,40.39,50.942368,41.063976,50.784145,2.479635,94.374596,0.49
745,WB4,38.0,43.099022,36.865765,44.090992,1.8431702,70.150826,0.98
746,WB4,32.9,38.284527,33.335636,38.174126,1.2343085,46.977627,1.96
747,WB4,28.1,33.165768,30.750648,34.237453,0.889491,33.853916,4.9
748,WC,25.6,18.455715,15.293797,19.596638,1.0976635,46.47968,9.8
749,Y0.05Sc0.95CrB4,31.6298633,35.386677,28.497122,35.809605,1.8654293,78.990105,0.49
750,Y0.05Sc0.95CrB4,29.94742376,31.82193,25.606873,32.64482,1.795395,76.02456,0.98
751,Y0.05Sc0.95CrB4,28.15983176,28.44309,23.236069,29.102724,1.4965957,63.372143,1.96
752,Y0.05Sc0.95CrB4,25.8254469,26.332718,22.56935,27.800623,1.3345085,56.50869,2.94
753,Y0.05Sc0.95CrB4,23.53312303,24.338741,21.173018,26.64021,1.3946917,59.0571,4.9
754,Y0.05Sc1.95ReB6,35.34134522,35.340107,33.03262,36.250973,0.82100844,29.401297,0.49
755,Y0.05Sc1.95ReB6,32.4633275,30.09954,28.69093,31.114922,0.61836535,22.144405,0.98
756,Y0.05Sc1.95ReB6,25.15574539,25.351633,24.711042,28.081844,0.85989845,30.793995,1.96
757,Y0.05Sc1.95ReB6,22.97844042,22.8849,23.20005,25.706741,0.639462,22.8999,2.94
758,Y0.05Sc1.95ReB6,22.52797085,20.942698,21.417542,23.732166,0.5904655,21.145277,4.9
759,Y0.1Ce0.8Sm0.1O1.9,8.34,5.74226,5.5164585,8.2247,0.6908779,26.294727,9.8
760,Y0.25Hf0.25Gd0.5B20,37.6,42.986996,39.041786,43.09451,1.0338578,43.777878,0.49
761,Y0.25Hf0.25Gd0.5B20,30.9,36.38579,34.341515,36.98692,0.67484814,28.575903,0.98
762,Y0.25Hf0.25Gd0.5B20,27.1,33.770554,30.99981,33.414673,0.6160366,26.085575,1.96
763,Y0.25Hf0.25Gd0.5B20,25.7,31.717604,29.65679,31.818842,0.5515439,23.354683,2.98
764,Y0.25Hf0.25Gd0.5B20,25.4,30.347176,28.616163,30.717941,0.53616786,22.703598,4.9
765,Y0.25Hf0.5Gd0.25B20,43.2,42.059025,37.843613,43.04669,1.327316,47.53278,0.49
766,Y0.25Hf0.5Gd0.25B20,35.9,35.22491,32.95128,36.794243,0.980348,35.107437,0.98
767,Y0.25Hf0.5Gd0.25B20,33.3,32.308662,29.819096,33.49125,0.93677384,33.546993,1.96
768,Y0.25Hf0.5Gd0.25B20,31.8,30.379763,28.072084,31.551622,0.8876372,31.787352,2.98
769,Y0.25Hf0.5Gd0.25B20,28.6,28.873333,27.347452,30.39982,0.7786653,27.88494,4.9
770,Y0.25Hf0.75B20,44.1,40.471943,38.25174,42.46,1.0735356,36.001797,0.49
771,Y0.25Hf0.75B20,36.5,34.268314,33.809734,36.758972,0.7523566,25.230825,0.98
772,Y0.25Hf0.75B20,34.6,31.646797,30.40794,33.47961,0.7835894,26.278242,1.96
773,Y0.25Hf0.75B20,31.9,29.859875,28.461845,30.602255,0.54602283,18.311274,2.98
774,Y0.25Hf0.75B20,30.8,28.323353,27.624176,30.090548,0.6291764,21.099888,4.9
775,Y0.25Sc0.75CrB4,35.35226078,33.737865,29.32141,35.16205,1.4899589,63.77267,0.49
776,Y0.25Sc0.75CrB4,32.0084122,30.87757,27.230036,31.857553,1.1804892,50.526863,0.98
777,Y0.25Sc0.75CrB4,27.59200841,27.583696,24.914448,29.07913,1.0624189,45.473263,1.96
778,Y0.25Sc0.75CrB4,26.14090431,25.499222,24.118324,26.930906,0.7174954,30.709972,2.94
779,Y0.25Sc0.75CrB4,23.11251314,23.760172,22.653088,25.679142,0.7719526,33.040833,4.9
780,Y0.25Sc1.75ReB6,35.59409986,36.6948,32.947575,37.314434,1.1139947,42.3985,0.49
781,Y0.25Sc1.75ReB6,32.39077837,31.926188,28.902094,32.230515,0.8490869,32.31614,0.98
782,Y0.25Sc1.75ReB6,27.11027396,26.536549,24.890799,28.071781,0.81147516,30.884644,1.96
783,Y0.25Sc1.75ReB6,24.65771741,24.085863,23.684822,25.898525,0.56472015,21.49318,2.94
784,Y0.25Sc1.75ReB6,23.08107391,22.31372,21.80576,23.965866,0.5510476,20.972803,4.9
785,Y0.25Zr0.75B12,43.88793167,42.492928,38.185017,43.048687,1.2407322,44.432106,0.49
786,Y0.25Zr0.75B12,36.39841791,36.297985,34.256104,37.301353,0.77684945,27.81991,0.98
787,Y0.25Zr0.75B12,34.17780736,33.723114,31.227621,34.42168,0.81481105,29.179361,1.96
788,Y0.25Zr0.75B12,32.84544103,32.12165,29.795906,32.81553,0.77031195,27.585794,2.94
789,Y0.25Zr0.75B12,30.38258206,30.163288,28.740032,30.99218,0.57452744,20.574516,4.9
790,Y0.25Zr0.75B12,45.71772802,42.492928,38.185017,43.048687,1.2407322,44.432106,0.49
791,Y0.2Zr0.8O1.92,12.83,14.5259495,8.852373,13.880262,1.2826248,54.898438,9.81
792,Y0.5Ce0.5O1.75,7.4985,6.4696255,5.2034674,9.981451,1.2188734,40.875805,9.8
793,Y0.5Hf0.25Gd0.25B20,43.2,39.670815,36.3311,40.91824,1.1701885,39.243126,0.49
794,Y0.5Hf0.25Gd0.25B20,37.4,33.052032,32.122116,35.310192,0.8132847,27.274096,0.98
795,Y0.5Hf0.25Gd0.25B20,33.8,30.343788,28.940731,32.139484,0.8160085,27.36544,1.96
796,Y0.5Hf0.25Gd0.25B20,31.9,28.285591,27.090832,29.541782,0.6252425,20.967962,2.98
797,Y0.5Hf0.25Gd0.25B20,30.8,26.880621,26.414288,28.90438,0.63522786,21.30283,4.9
798,Y0.5Sc0.5CrB4,42.01892744,34.8838,29.64991,34.279514,1.1810215,42.293793,0.49
799,Y0.5Sc0.5CrB4,35.37329127,31.745712,27.398203,32.446278,1.2877741,46.116734,0.98
800,Y0.5Sc0.5CrB4,28.89589905,27.862122,25.329788,30.243269,1.253439,44.887154,1.96
801,Y0.5Sc0.5CrB4,26.16193481,25.993893,24.42718,28.278786,0.98255265,35.18639,2.94
802,Y0.5Sc0.5CrB4,24.16403785,23.950537,23.041662,26.791079,0.9564837,34.25283,4.9
803,Y0.5Sc1.5ReB6,36.7985002,37.622047,33.368114,37.781628,1.1258962,42.85147,0.49
804,Y0.5Sc1.5ReB6,33.87043031,33.157143,29.49354,32.65646,0.8068673,30.709269,0.98
805,Y0.5Sc1.5ReB6,27.23851718,27.716722,25.460081,28.580126,0.79592973,30.292986,1.96
806,Y0.5Sc1.5ReB6,25.31152615,25.28149,24.310911,26.442297,0.54372084,20.693947,2.94
807,Y0.5Sc1.5ReB6,23.48462178,23.4065,22.383118,24.487072,0.536723,20.42761,4.9
808,Y0.5Zr0.5B12,38.40990058,37.08403,34.213005,36.71599,0.63851607,27.329529,0.98
809,Y0.5Zr0.5B12,35.32123318,34.097916,31.200447,33.885647,0.68499994,29.319115,1.96
810,Y0.5Zr0.5B12,33.88790928,32.65758,29.876038,32.05213,0.555126,23.7603,2.94
811,Y0.5Zr0.5B12,31.66729873,30.678356,28.70693,30.424562,0.4381715,18.754456,4.9
812,Y0.5Zr0.5B12,43.26778151,44.09344,38.64449,43.434105,1.2218407,52.296776,0.49
813,Y0.75Sc0.25CrB4,39.6214511,37.338642,31.110273,36.431458,1.3574449,51.664185,0.49
814,Y0.75Sc0.25CrB4,33.05993691,33.215992,29.169321,33.120186,1.0078737,38.359547,0.98
815,Y0.75Sc0.25CrB4,27.97055731,28.598902,26.128061,29.756609,0.9256499,35.230118,1.96
816,Y0.75Sc0.25CrB4,25.90956887,26.505733,25.218426,28.395273,0.8104203,30.844494,2.94
817,Y0.75Sc0.25CrB4,22.98633018,24.080856,23.596933,27.316029,0.94874877,36.10926,4.9
818,Y0.75Sc1.25ReB6,37.65249996,39.005768,34.520374,40.440258,1.5101744,63.94712,0.49
819,Y0.75Sc1.25ReB6,33.94863904,34.37509,30.52296,35.045914,1.1538146,48.85735,0.98
820,Y0.75Sc1.25ReB6,28.51799579,29.04897,26.591013,30.34259,0.957035,40.52488,1.96
821,Y0.75Sc1.25ReB6,26.390743,26.732632,25.394789,27.999046,0.6643514,28.131426,2.94
822,Y0.75Sc1.25ReB6,24.81411719,24.671347,23.688177,26.192123,0.6387618,27.047855,4.9
823,Y0.75Zr0.25B12,35.75808038,36.3383,33.952442,36.398853,0.6240845,26.711834,0.98
824,Y0.75Zr0.25B12,34.36515194,33.05607,30.896786,33.717743,0.7196319,30.80142,1.96
825,Y0.75Zr0.25B12,31.98304244,31.54318,29.56109,31.874834,0.5902407,25.263266,2.94
826,Y0.75Zr0.25B12,30.89292454,29.641312,28.422836,30.247292,0.46542224,19.920832,4.9
827,Y0.95Sc0.05CrB4,38.44374343,34.48331,28.48307,33.092194,1.1757967,42.106693,0.49
828,Y0.95Sc0.05CrB4,32.49211356,30.38799,25.750229,31.058268,1.3540915,48.491642,0.98
829,Y0.95Sc0.05CrB4,27.54994742,26.886465,24.003628,28.90114,1.2493654,44.741276,1.96
830,Y0.95Sc0.05CrB4,26.47739222,24.853287,23.059378,26.899763,0.97969013,35.083878,2.94
831,Y0.95Sc0.05CrB4,23.02839117,22.800484,21.664343,25.490612,0.97608906,34.954918,4.9
832,Y1.25Sc0.75ReB6,40.26147397,38.784996,33.5887,40.84344,1.8506994,62.064552,0.49
833,Y1.25Sc0.75ReB6,33.9048655,34.40751,29.99498,35.63142,1.4378674,48.219933,0.98
834,Y1.25Sc0.75ReB6,29.62538689,28.951145,26.198572,30.528688,1.1046215,37.04429,1.96
835,Y1.25Sc0.75ReB6,26.8474912,26.768106,24.959219,28.225763,0.83330214,27.945395,2.94
836,Y1.25Sc0.75ReB6,25.19576944,24.51055,23.122822,26.810307,0.94068485,31.546553,4.9
837,Y1.5Sc0.5ReB6,38.53778674,38.520184,33.768673,38.862446,1.2994318,55.6178,0.49
838,Y1.5Sc0.5ReB6,34.15822147,33.883877,30.282043,34.10805,0.97602236,41.77535,0.98
839,Y1.5Sc0.5ReB6,28.7526043,28.671404,26.096842,28.432852,0.5959209,25.506388,1.96
840,Y1.5Sc0.5ReB6,25.52422136,26.383862,24.741547,26.408533,0.42525163,18.201464,2.94
841,Y1.5Sc0.5ReB6,23.42201235,24.100115,22.95121,24.709171,0.4484595,19.1948,4.9
842,Y1.75Sc0.25ReB6,35.48773456,37.544987,33.240086,38.90362,1.4447796,48.451736,0.49
843,Y1.75Sc0.25ReB6,33.63580411,33.21328,29.826145,33.694798,0.9869011,33.096447,0.98
844,Y1.75Sc0.25ReB6,27.17907359,27.873209,25.889008,28.60786,0.6935849,23.259876,1.96
845,Y1.75Sc0.25ReB6,25.57740401,25.788849,24.651222,26.31589,0.42465997,14.2412815,2.94
846,Y1.75Sc0.25ReB6,23.2249518,23.531292,22.722677,24.898413,0.5550346,18.61349,4.9
847,Y1.95Sc0.05ReB6,36.06584602,36.50747,33.107365,38.74448,1.4380397,48.225708,0.49
848,Y1.95Sc0.05ReB6,32.93758512,32.444244,29.677828,33.63701,1.0099951,33.870922,0.98
849,Y1.95Sc0.05ReB6,25.73007198,26.980074,25.633076,28.562895,0.74740285,25.0647,1.96
850,Y1.95Sc0.05ReB6,25.1044198,24.971876,24.404543,26.288324,0.4805565,16.115812,2.94
851,Y1.95Sc0.05ReB6,22.87711572,22.603039,22.42445,24.870848,0.6240811,20.929014,4.9
852,Y2Re0.5Cr0.5B6,28.13419913,35.31009,31.433895,35.55033,1.0501112,44.466114,0.49
853,Y2Re0.5Cr0.5B6,25.48268398,31.235846,27.861132,32.114056,1.0849296,45.94047,0.98
854,Y2Re0.5Cr0.5B6,21.37012987,26.410181,24.561737,28.327085,0.96054804,40.673634,1.96
855,Y2Re0.5Cr0.5B6,16.44588745,24.283148,23.56589,26.562311,0.7643933,32.367622,2.94
856,Y2Re0.5Cr0.5B6,14.93073593,22.22157,21.822168,24.999287,0.81048936,34.31952,4.9
857,Y2Re0.75Cr0.25B6,33.13961039,34.06888,31.953321,36.6134,1.1887954,42.57219,0.49
858,Y2Re0.75Cr0.25B6,30.21753247,29.8645,27.785942,32.280743,1.1466328,41.062294,0.98
859,Y2Re0.75Cr0.25B6,25.21212121,25.358416,23.675312,28.299292,1.1795866,42.242413,1.96
860,Y2Re0.75Cr0.25B6,23.83225108,22.325706,22.12491,25.545464,0.87259007,31.248497,2.94
861,Y2Re0.75Cr0.25B6,21.26190476,20.429384,20.348923,24.093393,0.9552221,34.20765,4.9
862,Y2Re0.95Cr0.05B6,38.28030303,36.35572,32.986176,38.599358,1.4319341,51.279278,0.49
863,Y2Re0.95Cr0.05B6,34.11363636,32.325706,28.904268,33.78382,1.2447839,44.5772,0.98
864,Y2Re0.95Cr0.05B6,29.40584416,27.187544,24.775328,28.616241,0.9798249,35.088703,1.96
865,Y2Re0.95Cr0.05B6,27.02489177,24.396103,23.274746,25.839973,0.65439475,23.43466,2.94
866,Y2Re0.95Cr0.05B6,24.26515152,22.433258,21.281137,24.199316,0.7444333,26.659048,4.9
867,Y2ReB6,35.69107373,36.940685,33.31613,37.889786,1.1667485,44.406303,0.49
868,Y2ReB6,32.46270848,32.87571,29.593477,33.13236,0.9027758,34.359535,0.98
869,Y2ReB6,25.48043013,27.647446,25.36955,27.858694,0.63498557,24.16747,1.96
870,Y2ReB6,25.10503882,25.23443,24.08362,25.557507,0.37599143,14.310187,2.94
871,Y2ReB6,23.1780301,23.14592,22.007713,23.779968,0.45210585,17.207092,4.9
872,Y3Al5O12,17.4,8.053115,7.764925,13.392113,1.435507,51.40723,4.9
873,Y5Si3,4.62,4.1939845,3.1725333,3.58144,0.104312934,4.4170475,1.96
874,Y5Si4,3.59,5.7156878,3.755427,5.93234,0.555335,21.13598,1.96
875,Yb0.2Zr0.8O1.92,16.0,12.607624,8.138123,13.604901,1.3945864,59.052643,1.0
876,Yb0.5Lu0.5Al3,5.16,5.104377,3.822935,6.564818,0.6994599,26.621357,0.98
877,YB12,40.83806381,40.922382,37.57091,42.286343,1.2029161,40.340668,0.49
878,YB12,34.64052092,34.80674,34.122597,36.335003,0.5643893,18.927206,0.98
879,YB12,31.85466404,32.28863,30.945309,33.73989,0.7129037,23.907743,1.96
880,YB12,29.61386613,30.272612,29.353933,31.742792,0.6094027,20.436764,2.94
881,YB12,28.26131243,28.65188,28.271343,30.06123,0.45660368,15.312537,4.9
882,YB20,41.6,41.06087,36.476463,41.518322,1.2861884,55.05096,0.49
883,YB20,34.4,34.858757,32.287903,35.712486,0.8736182,37.392284,0.98
884,YB20,32.7,32.40309,29.45265,32.91215,0.8825258,37.773544,1.96
885,YB20,30.5,30.009972,28.052656,31.210766,0.8056402,34.482716,2.98
886,YB20,28.5,28.50577,27.32195,29.627031,0.5880307,25.168673,4.9
887,YbAl3,6.06,4.0608044,3.0893285,4.3560104,0.32313314,13.830626,0.02
888,YbB6,21.57,29.700546,30.683773,33.295944,0.6663702,25.361967,0.49
889,YC2,5.0,5.8543534,5.6755276,13.696499,2.0461662,87.579254,1.72
890,YCrB4,37.51412255,32.854057,26.999285,32.37539,1.3714552,49.113457,0.49
891,YCrB4,33.13676406,28.821608,25.12727,30.24514,1.3055792,46.754356,0.98
892,YCrB4,27.60217286,25.414896,23.673124,28.41205,1.2089096,43.292503,1.96
893,YCrB4,26.29399676,23.4758,22.755499,26.410673,0.93244237,33.39188,2.94
894,YCrB4,24.23110368,21.422997,21.36775,25.166327,0.96902454,34.70193,4.9
895,YFe2,3.5,5.5315957,4.2755423,5.8883824,0.41143882,13.7979,0.5
896,YMn2Si2,5.6,7.0408564,5.8041053,8.162893,0.6017316,21.54873,0.49
897,YRe0.25Cr0.75B4,39.38330065,36.446995,31.08501,38.820004,1.9732125,84.45671,0.49
898,YRe0.25Cr0.75B4,32.99336355,31.896107,28.540352,34.88401,1.6182802,69.26503,0.98
899,YRe0.25Cr0.75B4,29.84870946,27.039299,25.557774,29.937021,1.117155,47.816055,1.96
900,YRe0.25Cr0.75B4,26.17575348,24.9322,24.63094,27.623524,0.7634143,32.67538,2.94
901,YRe0.25Cr0.75B4,24.01221004,22.855585,22.808905,25.754656,0.7514671,32.164017,4.9
902,YRe0.5Cr0.5B4,42.51036182,40.183636,33.207844,37.96094,1.2125249,46.14855,0.49
903,YRe0.5Cr0.5B4,37.15184983,34.51374,29.442257,33.33668,0.9934756,37.811558,0.98
904,YRe0.5Cr0.5B4,31.08895675,29.261877,25.633545,29.001318,0.85912573,32.69822,1.96
905,YRe0.5Cr0.5B4,27.69273033,26.473928,24.519697,26.824955,0.58807594,22.382097,2.94
906,YRe0.5Cr0.5B4,26.05753163,24.075403,22.316635,24.796488,0.63261545,24.077265,4.9
907,YRe0.75Cr0.25B4,37.93928835,35.831898,33.189747,38.34581,1.3153222,55.69626,0.49
908,YRe0.75Cr0.25B4,33.15941414,31.54205,29.485355,32.98106,0.89176136,37.760918,0.98
909,YRe0.75Cr0.25B4,28.05247447,26.170624,25.51035,27.778994,0.57873577,24.506102,1.96
910,YRe0.75Cr0.25B4,24.3040468,23.992727,24.357256,25.393726,0.26440573,11.196048,2.94
911,YRe0.75Cr0.25B4,21.41098647,21.570757,22.293732,23.385658,0.27855268,11.79509,4.9
912,YRe0.95Cr0.05B4,35.02711367,35.157574,32.764084,36.796402,1.0286525,44.028008,0.49
913,YRe0.95Cr0.05B4,31.1277426,30.850662,29.281736,32.384056,0.79140806,33.873558,0.98
914,YRe0.95Cr0.05B4,26.02082436,26.03428,25.036556,27.35556,0.59158266,25.320704,1.96
915,YRe0.95Cr0.05B4,23.58057279,23.72997,23.745882,25.44398,0.43318805,18.541155,2.94
916,YRe0.95Cr0.05B4,20.61201933,21.52272,21.703161,23.74813,0.5216759,22.328579,4.9
917,YReB4,34.27389669,36.36534,32.324574,38.65582,1.6151136,54.164013,0.49
918,YReB4,30.42486152,32.160828,29.075527,33.10479,1.027873,34.47047,0.98
919,YReB4,25.77077347,26.673302,25.071966,27.82783,0.7030263,23.576498,1.96
920,YReB4,22.60096215,24.21691,23.826067,25.873116,0.52220625,17.512568,2.94
921,YReB4,20.5632263,21.934944,21.58748,24.503553,0.7438961,24.947098,4.9
922,YRh3B,7.5,6.1510305,5.1253295,7.2731643,0.547917,23.201105,2.94
923,YRh3B0.5C0.5,5.52,8.320851,5.849313,8.655297,0.7158124,27.24373,2.94
924,YRh3C,4.4,2.718473,5.137153,9.978631,1.2350708,52.86305,2.94
925,YScReB6,41.30943917,38.2486,33.56962,39.429188,1.4947882,56.891453,0.49
926,YScReB6,35.7536478,33.800865,29.712915,34.295086,1.168921,44.488987,0.98
927,YScReB6,31.39910861,28.741112,25.72898,29.121933,0.86554945,32.942703,1.96
928,YScReB6,28.2708477,26.27097,24.496592,26.894121,0.6116147,23.277979,2.94
929,YScReB6,25.66813463,24.248129,22.525208,25.042723,0.64222324,24.442936,4.9
930,YSi,4.4,4.347507,4.0020885,4.846851,0.2155006,7.2269692,1.96
931,YSi1.67,7.04,4.854425,4.578479,6.4797554,0.48501953,17.369131,1.96
932,ZnSe,1.0,4.460364,4.6297483,9.132368,1.1486275,48.63771,0.49
933,ZnTe,0.98,1.6983883,0.25909868,2.8006427,0.64835304,23.2183,0.25
934,Zr0.04W0.96B4,48.86304808,53.1095,43.38354,53.35515,2.5437772,85.30742,0.49
935,Zr0.04W0.96B4,40.71027986,44.051914,38.516163,45.945705,1.8952914,63.55998,0.98
936,Zr0.04W0.96B4,36.38724424,38.403458,34.972027,40.475662,1.4039886,47.083782,1.96
937,Zr0.04W0.96B4,35.22670266,36.347935,33.223522,38.103527,1.2448992,41.7486,2.94
938,Zr0.04W0.96B4,33.36983612,33.85727,31.758923,36.188953,1.1301099,37.89906,4.9
939,Zr0.06W0.94B4,50.72109847,52.642857,42.479218,51.561092,2.3168046,82.96755,0.49
940,Zr0.06W0.94B4,41.20465747,43.816338,37.75254,44.370323,1.6882098,60.456818,0.98
941,Zr0.06W0.94B4,36.91063538,39.131935,34.19606,39.374622,1.3210617,47.308804,1.96
942,Zr0.06W0.94B4,35.75011201,36.886932,32.69334,36.90448,1.0742702,38.470905,2.94
943,Zr0.06W0.94B4,34.44450273,34.80737,31.377562,35.118683,0.95436764,34.177048,4.9
944,Zr0.08W0.92B4,56.11876427,47.226875,41.450462,49.297108,2.0016952,84.76017,0.49
945,Zr0.08W0.92B4,43.78804635,39.509415,36.38488,42.47743,1.5542215,65.81226,0.98
946,Zr0.08W0.92B4,40.94468304,35.47171,32.84895,37.43938,1.1710284,49.586254,1.96
947,Zr0.08W0.92B4,37.28899525,33.916477,31.528316,35.57664,1.0327358,43.73037,2.94
948,Zr0.08W0.92B4,36.15744899,31.867134,30.125515,33.753162,0.9254202,39.186176,4.9
949,Zr0.10Pt0.90,3.63,2.2473538,1.5921074,3.4047098,0.46239856,15.506872,9.8
950,Zr0.1W0.9B4,45.96519104,50.23955,42.479874,50.32404,2.0010626,76.160194,0.49
951,Zr0.1W0.9B4,38.50872956,41.53367,37.49215,43.481674,1.52794,58.153206,0.98
952,Zr0.1W0.9B4,35.4042626,37.718334,33.75106,38.32127,1.1658697,44.372856,1.96
953,Zr0.1W0.9B4,33.08317943,35.86853,32.355247,36.42749,1.0388374,39.538025,2.94
954,Zr0.1W0.9B4,31.83561544,34.212467,30.919367,34.6146,0.9426618,35.87759,4.9
955,Zr0.25Hf0.25Gd0.5B20,42.4,42.8213,38.548084,43.541264,1.2737702,54.519444,0.49
956,Zr0.25Hf0.25Gd0.5B20,36.5,35.108105,33.67276,36.542492,0.73207444,31.33398,0.98
957,Zr0.25Hf0.25Gd0.5B20,33.7,32.11508,30.344435,33.012936,0.68074,29.136784,1.96
958,Zr0.25Hf0.25Gd0.5B20,32.3,30.528399,28.899708,31.269619,0.6045692,25.876549,2.98
959,Zr0.25Hf0.25Gd0.5B20,30.2,28.925613,27.91558,29.589884,0.42711812,18.281353,4.9
960,Zr0.25Hf0.25Y0.5B20,41.9,43.612762,39.476288,43.898422,1.1280955,37.831505,0.49
961,Zr0.25Hf0.25Y0.5B20,33.8,36.123535,34.617603,37.190563,0.6563673,22.011755,0.98
962,Zr0.25Hf0.25Y0.5B20,30.4,33.19666,31.25474,33.90397,0.67582375,22.664242,1.96
963,Zr0.25Hf0.25Y0.5B20,29.9,31.166784,29.35628,31.453697,0.5350556,17.943478,2.98
964,Zr0.25Hf0.25Y0.5B20,29.2,29.626413,28.432753,30.304743,0.4775485,16.014936,4.9
965,Zr0.25Hf0.5Gd0.25B20,41.9,43.590813,39.23376,44.434914,1.3268247,56.183323,0.49
966,Zr0.25Hf0.5Gd0.25B20,33.9,36.63438,34.486023,38.146168,0.9337104,39.537216,0.98
967,Zr0.25Hf0.5Gd0.25B20,31.5,33.673775,31.146723,35.224636,1.040284,44.04999,1.96
968,Zr0.25Hf0.5Gd0.25B20,30.2,31.916866,29.798464,33.231644,0.87581116,37.085518,2.98
969,Zr0.25Hf0.5Gd0.25B20,28.1,30.500685,28.680952,32.0765,0.8662112,36.679016,4.9
970,Zr0.25Hf0.5Y0.25B20,44.2,43.020317,39.327557,44.20012,1.2430006,52.63386,0.49
971,Zr0.25Hf0.5Y0.25B20,35.5,36.124638,34.461227,37.598267,0.8002651,33.88658,0.98
972,Zr0.25Hf0.5Y0.25B20,33.0,33.246094,31.111403,34.645107,0.9014553,38.1714,1.96
973,Zr0.25Hf0.5Y0.25B20,31.9,31.462242,29.74914,32.611557,0.73020846,30.92009,2.98
974,Zr0.25Hf0.5Y0.25B20,29.3,30.04606,28.60009,31.456394,0.728649,30.854057,4.9
975,Zr0.25Y0.25Gd0.5B20,42.1,39.00939,37.326435,42.38325,1.2900041,49.097397,0.49
976,Zr0.25Y0.25Gd0.5B20,36.0,31.6691,32.45169,35.89964,0.87957865,33.476654,0.98
977,Zr0.25Y0.25Gd0.5B20,32.9,29.105192,29.055962,32.495296,0.8773813,33.393024,1.96
978,Zr0.25Y0.25Gd0.5B20,31.1,27.485334,27.441185,30.652586,0.8192349,31.17998,2.98
979,Zr0.25Y0.25Gd0.5B20,29.3,26.315786,26.847124,29.450579,0.66414654,25.277334,4.9
980,Zr0.25Y0.5Gd0.25B20,41.1,42.960865,37.872177,43.871815,1.5305197,65.50874,0.49
981,Zr0.25Y0.5Gd0.25B20,33.5,36.142487,33.027645,37.06149,1.0290418,44.044666,0.98
982,Zr0.25Y0.5Gd0.25B20,30.8,33.52738,29.731699,34.17939,1.1346151,48.563377,1.96
983,Zr0.25Y0.5Gd0.25B20,29.3,31.409369,28.289358,32.315117,1.0269792,43.956387,2.98
984,Zr0.25Y0.5Gd0.25B20,28.0,29.887573,27.36502,30.731895,0.8588966,36.762177,4.9
985,Zr0.2Nb2.8Ge,10.05,8.168737,7.8567033,11.026012,0.8084972,30.771303,0.49
986,Zr0.2Nb2.8Sn0.5Ge0.5,7.84,10.275844,7.265107,10.924239,0.933452,39.95327,0.98
987,Zr0.2W0.8B4,47.62477279,42.93781,39.798462,44.455215,1.1879473,42.541817,0.49
988,Zr0.2W0.8B4,39.41394107,36.88853,35.158627,38.2512,0.7889222,28.252249,0.98
989,Zr0.2W0.8B4,36.33848765,33.624504,31.78381,34.42157,0.672898,24.097284,1.96
990,Zr0.2W0.8B4,35.32303198,31.935894,30.327791,32.61454,0.5833543,20.890617,2.94
991,Zr0.2W0.8B4,33.95939562,29.920553,28.9523,30.741037,0.45631078,16.341036,4.9
992,Zr0.33W0.67,6.13,9.905719,7.187373,13.45428,1.5987006,53.61359,1.96
993,Zr0.5Gd0.5B12,42.0,42.517082,38.912376,44.36425,1.3907841,58.891636,0.49
994,Zr0.5Gd0.5B12,34.5,36.270214,34.245636,37.573853,0.84903485,35.9517,0.98
995,Zr0.5Gd0.5B12,33.0,33.386177,30.86694,34.526257,0.9334992,39.528275,1.96
996,Zr0.5Gd0.5B12,31.8,31.676537,29.586187,32.634834,0.77771604,32.93176,2.94
997,Zr0.5Gd0.5B12,29.2,29.993822,28.532593,30.950651,0.6168516,26.120087,4.9
998,Zr0.5Hf0.25Gd0.25B20,43.7,41.691956,38.85136,42.935738,1.041933,39.655838,0.49
999,Zr0.5Hf0.25Gd0.25B20,36.9,33.949112,33.883522,36.473103,0.6606073,25.142632,0.98
1000,Zr0.5Hf0.25Gd0.25B20,34.3,31.313309,30.40236,33.394897,0.76340216,29.05499,1.96
1001,Zr0.5Hf0.25Gd0.25B20,31.8,29.39925,28.730265,31.633526,0.7406278,28.188202,2.98
1002,Zr0.5Hf0.25Gd0.25B20,29.4,28.13269,28.015676,30.435904,0.6174048,23.49835,4.9
1003,Zr0.5Hf0.25Y0.25B20,42.0,43.46903,39.507206,44.38004,1.2430696,53.20541,0.49
1004,Zr0.5Hf0.25Y0.25B20,36.4,35.85918,34.507023,37.621265,0.7944496,34.003742,0.98
1005,Zr0.5Hf0.25Y0.25B20,31.6,33.3416,31.054012,34.168133,0.79441845,34.002407,1.96
1006,Zr0.5Hf0.25Y0.25B20,29.6,31.672577,29.572353,32.19602,0.6693022,28.647228,2.98
1007,Zr0.5Hf0.25Y0.25B20,29.5,30.039452,28.584248,30.483776,0.4845736,20.740541,4.9
1008,Zr0.5Ta0.5N,25.0,18.027983,14.368723,19.645594,1.3461405,48.206905,0.0015
1009,Zr0.5W0.5B4,46.42365232,43.021004,38.19535,44.43834,1.5925992,53.408974,0.49
1010,Zr0.5W0.5B4,38.85111847,37.22251,33.88558,38.167747,1.0923901,36.634098,0.98
1011,Zr0.5W0.5B4,36.06581866,34.01805,30.53947,34.34306,0.97030324,32.539825,1.96
1012,Zr0.5W0.5B4,34.15092505,32.333492,28.891455,32.983383,1.0438592,35.00658,2.94
1013,Zr0.5W0.5B4,33.48363185,30.89534,27.390913,31.601994,1.0742552,36.025932,4.9
1014,Zr0.5Y0.25Gd0.25B20,46.9,42.05554,38.50022,42.611214,1.0487225,37.55601,0.49
1015,Zr0.5Y0.25Gd0.25B20,35.1,35.425014,33.642483,36.490772,0.72660446,26.020576,0.98
1016,Zr0.5Y0.25Gd0.25B20,32.2,32.528427,30.541866,33.18946,0.67540675,24.187126,1.96
1017,Zr0.5Y0.25Gd0.25B20,30.6,30.614742,28.88236,31.30563,0.61818093,22.1378,2.98
1018,Zr0.5Y0.25Gd0.25B20,28.7,29.197853,28.284678,30.163713,0.4793459,17.16595,4.9
1019,Zr0.75Gd0.25B12,41.0,42.346638,39.17392,44.271687,1.3004507,55.06654,0.49
1020,Zr0.75Gd0.25B12,34.4,35.956635,34.347878,37.37083,0.7711615,32.654213,0.98
1021,Zr0.75Gd0.25B12,32.9,33.130035,31.005377,34.378674,0.86053485,36.438656,1.96
1022,Zr0.75Gd0.25B12,31.3,31.427753,29.73213,32.500515,0.7062206,29.904345,2.94
1023,Zr0.75Gd0.25B12,29.5,29.726776,28.608507,30.808628,0.56125534,23.765905,4.9
1024,Zr0.8Mo2Ge0.2,8.947,9.356347,7.45402,12.325587,1.2427467,52.62311,0.98
1025,Zr0.95Gd0.05B12,39.3,42.33672,38.925186,42.588642,0.93455505,35.56905,0.49
1026,Zr0.95Gd0.05B12,35.0,35.747215,34.078926,36.119316,0.52050763,19.810455,0.98
1027,Zr0.95Gd0.05B12,33.0,32.974155,30.63171,33.0218,0.6097171,23.205755,1.96
1028,Zr0.95Gd0.05B12,31.1,31.55409,29.399195,31.708567,0.5891255,22.422043,2.94
1029,Zr0.95Gd0.05B12,29.2,29.505709,28.312763,30.063662,0.44665775,16.999739,4.9
1030,Zr0.95Os0.05,2.97,1.4089477,2.1178756,3.9465618,0.4665016,17.754993,49.0
1031,Zr0.9Mo2Al0.1,7.681,9.6496,6.8222876,10.897053,1.0394809,44.49148,0.98
1032,Zr0.9Nb2.1Sn,7.35,8.3811035,6.166861,8.713464,0.64964354,21.78627,0.98
1033,Zr2Rh,4.31,6.2517643,5.339543,7.3002234,0.50017357,17.911816,0.98
1034,Zr3Ge,5.9,5.520445,5.2749696,7.496409,0.5666937,23.996191,0.98
1035,Zr5Ge3,11.7,7.573184,5.797382,7.921936,0.54197806,22.949625,0.98
1036,Zr5Ge4,10.33,8.567249,5.8425317,6.973554,0.28852612,10.981268,0.98
1037,ZrB12,40.4,41.435925,37.67491,42.76277,1.2979234,54.959526,0.49
1038,ZrB12,35.2,35.04521,33.81696,36.564457,0.7008922,29.678717,0.98
1039,ZrB12,33.2,32.41351,30.889856,33.731327,0.72486496,30.693825,1.96
1040,ZrB12,31.0,30.76775,29.704159,31.881344,0.55540437,23.518152,2.94
1041,ZrB12,28.8,28.97081,28.575089,30.234032,0.42319977,17.920053,4.9
1042,ZrB2,22.08,31.84774,29.64315,32.59639,0.7533774,25.265059,0.29
1043,ZrB20,41.3,42.3701,38.312393,45.34186,1.7932317,68.250175,0.49
1044,ZrB20,34.9,35.49354,34.026966,39.42166,1.3761977,52.377914,0.98
1045,ZrB20,33.6,32.989902,30.877176,36.33975,1.3935133,53.036945,1.96
1046,ZrB20,31.3,31.192965,29.312592,34.116814,1.2255669,46.64492,2.98
1047,ZrB20,29.6,29.950613,28.599821,32.917377,1.1014174,41.91981,4.9
1048,ZrC,22.0,12.649699,9.723511,18.909283,2.3433092,83.91671,0.49
1049,ZrGe,7.4,7.3517118,5.843626,6.3920193,0.13989623,5.9237933,0.98
1050,ZrGe2,5.7,5.437432,5.151268,6.913884,0.44964698,17.113508,0.98
1051,ZrMn2,7.86,6.1508536,4.3764944,5.066319,0.17597565,7.532045,0.98
1052,ZrMo2,10.74,6.5234003,5.62139,10.184847,1.1641471,39.040524,0.98
1053,ZrMoAl,6.523,7.2589064,4.8876257,9.870398,1.2711153,45.520164,0.98
1054,ZrN,17.4,15.257511,12.9211645,14.550672,0.41569057,17.602083,0.49
1055,ZrO2,13.0,11.98135,9.513629,15.229903,1.4582332,55.500175,0.98
1056,ZrRh3,6.37,9.100773,5.7163887,7.381188,0.42469367,18.177582,0.98
1057,ZrV2,3.6,7.366672,4.1466784,9.844097,1.4534231,52.048824,0.98
1058,ZrW2,11.1,8.354039,7.0815716,13.451345,1.6249423,61.8451,0.98
1059,OsB2,34.8,30.109003,25.881542,35.730404,2.5124648,89.97437,0.25
1060,OsB2,27.0,30.008211,25.930489,35.787395,2.514517,90.047874,0.49
1061,OsB2,17.8,21.557829,19.66706,26.33361,1.7006505,60.902332,1.96
